SID,COL,SCODE,YEAR,TASK,B101,B102,B103,B104,B105,B106,B107,B108,B109,B110,B111,B112,B113,B114,B115,B116,B117,B118,B119,B120,B121,B122,B123,B124,B125,B126,B127,B128,B129,B130,B131,B132,B133,B134,B135,B136,B137,B138,B139,B140,B141,B142,B143,B144,B145,B146,B147,B148,B149,B150,B201,B202,B203,B204,B205,B206,B207,B208,B209,B210,B211,B212,B213,B214,B215,B216,B217,B218,B219,B220,B221,B222,B223,B224,B225,B226,B230,B231,B232,B233,B234,B235,B236,B237,B238,B239,B240,B241,B242,B243,B244
310151101010001H06201,1,1.062.01h,2018,3,1,5,2,4,40,1,1,1,4,1,1,1,4,2,7,3,1985,80,1000,2000,3.6,0,,,,,,,,,,,,,,,,,,,,,,,,,,,,,,,,,,,,,1,,,,,,1,,,,,,,,,,,,,,,5,,,,,4,2,2,2,,2,
310151101010001H07401,1,1.074.01h,2018,3,1,4,2,4,130,1,1,1,4,1,1,1,2,2,7,6,2000,300,2000,2016,273,0,,,,,,,,,,,,,,,,,,,,,,,,,,,,,,,2,1,1,1,2,2,4,1,,,,1,,2,2,1,1,,,,,,,,,,,,,,,,4,1,2,2,,2,
310151101010001H04901,1,1.049.01h,2018,3,1,1,2,3,121,1,1,1,4,1,1,1,2,2,7,3,2004,200,3000,2004,20,0,,,,,,,,,,,,,,,,,,,,,,,,,,,,,1,,1,1,1,1,2,2,2,1,,,,1,1,3,3,1,1,,,,,,,,,,,20,,,,,4,1,2,2,,2,
310151101010001H03901,1,1.039.01h,2018,3,1,4,2,4,129,1,1,1,4,1,1,1,2,2,7,6,2000,280,2000,2000,26,0,,,,,,,,,,,,,,,,,,,,,,,,,,,,,1,,2,1,1,1,3,3,4,1,,,,1,1,2,2,1,1,,1,,,,,1,,,,10,,,,,4,1,2,2,,2,
310151101010001H03501,1,1.035.01h,2018,3,1,5,2,5,77,1,1,1,4,1,1,1,2,2,7,6,1982,150,2000,1998,0.99,0,,,,,,,,,,,,,,,,,,,,,,,,,,,,,,,,1,1,1,2,2,1,1,1,,,1,1,1,1,,,,,,,,,,,,,5,,,,,4,2,2,2,,2,
310151101010001H06901,1,1.069.01h,2018,3,1,4,2,4,90,1,1,1,4,1,1,1,2,2,7,6,2000,180,1500,2009,52,0,,,,,,,,,,,,,,,,,,,,,,,,,,,,,1,,1,1,1,1,3,3,3,1,,,,1,1,3,3,1,1,,1,,,,,,,,,15,,,,,4,1,2,2,,2,
310151101010001H04601,1,1.046.01h,2018,3,1,5,2,4,76,1,1,1,4,1,1,1,2,2,7,6,1999,190,2000,1999,9,5,5,2.5,1,2,,,,,,,,,,,,,,,,,,,,,,,,,1,1,1,1,1,1,2,2,3,1,,,,1,1,3,3,1,1,,1,,,,,,,,,15,,,,,4,1,2,2,,2,
310151101010001H04401,1,1.044.01h,2018,3,1,4,2,4,90,1,1,1,4,1,1,1,2,2,7,6,2000,200,1500,2000,11,,,,,,,,,,,,,,,,,,,,,,,,,,,,,,,,,1,1,,3,3,4,1,,,,1,1,3,3,3,3,,,,,,,,,,,10,,,,,4,1,2,2,,2,
310151101010001H05101,1,1.051.01h,2018,3,1,5,2,5,56,1,1,1,4,1,1,1,2,2,6,6,1985,100,1000,1986,0.8,0,,,,,,,,,,,,,,,,,,,,,,,,,,,,,,,,1,1,1,1,1,1,1,,,,1,1,2,2,1,1,,,,,,,,,,,5,,,,,4,2,2,2,,2,
310151101010001H08001,1,1.080.01h,2018,3,1,5,2,4,46,1,1,1,4,1,1,1,2,2,7,6,1988,100,1000,2015,50,29,29,6,15,1,,,,,,,,,,,,,,,,,,,,,,,,,1,,1,1,1,1,1,1,1,1,,,,1,,3,3,1,1,,,,,,,,,,,10,,,,,4,2,2,2,,2,
310151101012001H03301,1,2.033.01h,2018,3,1,5,2,4,57,1,1,1,4,1,1,1,2,2,7,6,1986,120,1500,2012,47,0,,,,,,,,,,,,,,,,,,,,,,,,,,,,,1,,,1,1,1,2,2,2,1,,,,1,1,2,2,1,1,,1,1,,,,,,,,8,,,,,4,1,2,2,,2,
310151101012001H02301,1,2.023.01h,2018,3,1,5,2,5,51,1,1,1,4,1,1,1,2,2,7,6,1990,110,1000,1991,1.1,0,,,,,,,,,,,,,,,,,,,,,,,,,,,,,,,1,1,1,1,1,1,1,1,,,,1,1,2,2,,,,,,,,,,,,,25,,,,,4,1,2,2,,2,
310151101012001H04101,1,2.041.01h,2018,3,1,6,2,4,45,1,1,1,4,1,1,1,2,2,7,3,1986,100,1000,2008,25,0,,,,,,,,,,,,,,,,,,,,,,,,,,,,,1,,2,1,1,1,2,2,1,1,1,,,,1,2,2,1,1,,,,,,,,,,,5,,,,,4,2,2,2,,2,
310151101012001H07301,1,2.073.01h,2018,3,1,1,2,3,300,1,1,1,4,1,1,1,2,2,7,6,1988,450,3000,1988,5,0,,,,,,,,,,,,,,,,,,,,,,,,,,,,,,,1,1,1,1,3,3,3,1,,,,1,1,2,2,,,,,,,,,,,,,20,,,,,4,1,2,2,,2,
310151101012001H07001,1,2.070.01h,2018,3,1,1,2,3,240,1,1,1,4,1,1,1,2,2,7,6,1989,480,500,1989,3,0,,,,,,,,,,,,,,,,,,,,,,,,,,,,,,,,1,1,1,1,1,6,1,1,,,1,1,1,1,,,,,,,,,,,,,30,,,,,4,2,2,2,,2,
310151101012001H01401,1,2.014.01h,2018,3,1,5,2,5,53,1,1,1,4,1,1,1,2,2,7,6,1986,120,1200,1988,0.75,0,,,,,,,,,,,,,,,,,,,,,,,,,,,,,,,,1,1,1,1,1,2,1,,,,1,1,2,2,1,1,,1,,,,,1,,,,5,,,,,4,2,2,2,,2,
310151101012001H07401,1,2.074.01h,2018,3,1,1,2,3,200,1,1,1,4,1,1,1,2,2,7,6,1987,500,3000,1987,8,0,,,,,,,,,,,,,,,,,,,,,,,,,,,,,,,,1,1,1,5,5,5,1,,,,1,1,1,1,2,,,,,,,,,,,,10,,,,,4,1,2,2,,2,
310151101012001H03501,1,2.035.01h,2018,3,1,5,2,4,50,1,1,1,4,1,1,1,2,2,7,6,1988,120,1500,2015,55,0,,,,,,,,,,,,,,,,,,,,,,,,,,,,,,,1,1,1,1,1,1,1,1,,,,1,,1,1,,,,,,,,,1,,,,5,,,,,4,2,2,2,,2,
310151101012001H04601,1,2.046.01h,2018,3,1,6,2,5,42,1,1,1,4,1,1,1,2,2,7,6,1988,80,1000,1993,0.6,0,,,,,,,,,,,,,,,,,,,,,,,,,,,,,,,,1,1,1,1,1,1,1,,,,1,1,3,3,1,1,,,,,,,,,,,10,,,,,4,2,2,2,,2,
310151101012001H06801,1,2.068.01h,2018,3,1,1,2,3,200,1,1,1,4,1,1,1,2,2,7,6,1987,400,3000,1987,5,0,,,,,,,,,,,,,,,,,,,,,,,,,,,,,,,1,1,1,1,3,3,2,1,,,,1,1,2,2,,,,,,,,,,,,,25,,,,,4,2,2,2,,2,
310151101024001H04001,1,3.040.01h,2018,3,1,4,2,2,103,1,1,1,4,1,1,1,2,2,7,3,,,,,,,,,,,800,,,,,,,,,,,,,,,,,,,,,,,,,,3,,1,,1,1,1,1,,,,,,4,4,1,1,,,,,,,,,,,25,,,,,4,1,2,2,,2,
310151101024001H04401,1,3.044.01h,2018,3,1,4,2,7,120,1,1,1,4,1,1,1,2,2,7,6,2005,240,2000,2009,0,0,,,,,,,,,,,,,,,,,,,,,,,,,,,,,1,,1,1,1,1,2,2,3,1,,,,1,1,2,2,1,1,,,,,,,1,,,,5,,,,,4,1,2,2,,2,
310151101024001H04901,1,3.049.01h,2018,3,1,5,2,7,100,1,1,1,4,1,1,1,2,2,7,6,2005,200,1000,2011,1,0,,,,,,,,,,,,,,,,,,,,,,,,,,,,,1,,2,1,1,1,2,2,2,1,,,,1,,2,2,1,1,,,,,,,,,,,10,,,,,4,1,2,2,,2,
310151101024001H06201,1,3.062.01h,2018,3,1,4,2,7,102,1,1,1,4,1,1,1,2,2,7,6,2007,200,2000,2010,15,0,,,,,,,,,,,,,,,,,,,,,,,,,,,,,,,1,1,1,1,2,2,2,1,,,,1,,2,2,,,,,,,,,1,,,,10,,,,,4,1,2,2,,2,
310151101024001H00601,1,3.006.01h,2018,3,1,5,2,7,88,1,1,1,4,1,1,1,2,2,7,6,2005,180,1500,2011,6.7,0,,,,,,,,,,,,,,,,,,,,,,,,,,,,,,,1,1,1,1,3,3,2,1,,,,1,,2,2,,,,,,,,,,,,,18,,,,,4,1,2,2,,2,
310151101024001H07801,1,3.078.01h,2018,3,1,5,2,7,86,1,1,1,4,1,1,1,2,2,7,6,2005,170,1500,2011,0,0,,,,,,,,,,,,,,,,,,,,,,,,,,,,,1,,1,1,1,1,2,2,3,1,,,,1,1,2,2,1,1,,,,,,,,,,,25,,,,,4,1,2,2,,2,
310151101024001H07901,1,3.079.01h,2018,3,1,5,2,7,86,1,1,1,4,1,1,1,2,2,7,6,2005,172,1500,2011,3,0,,,,,,,,,,,,,,,,,,,,,,,,,,,,,,,1,1,1,1,3,3,3,1,,,,1,,2,2,1,1,,,,,,,,,,,10,,,,,4,1,2,2,,2,
310151101024001H05001,1,3.050.01h,2018,3,1,4,2,7,120,1,1,1,4,1,1,1,2,2,7,6,2005,240,1500,2008,5.5,0,,,,,,,,,,,,,,,,,,,,,,,,,,,,,1,,1,1,1,1,3,3,3,2,1,,,1,1,2,2,1,1,,,,,,1,1,,,,15,,,,,4,1,2,2,,2,
310151101024001H03801,1,3.038.01h,2018,3,1,5,2,7,88,1,1,1,4,1,1,1,2,2,7,6,2005,180,1500,2010,10,0,,,,,,,,,,,,,,,,,,,,,,,,,,,,,,,1,1,1,1,2,2,2,1,,,,1,1,2,,,,,,,,,,,,,,5,,,,,4,1,2,2,,2,
310151101024001H01001,1,3.010.01h,2018,3,1,5,2,7,91,1,1,1,4,1,1,1,2,2,7,6,2005,185,1500,2008,12,0,,,,,,,,,,,,,,,,,,,,,,,,,,,,,,,,1,1,1,3,3,2,1,,,,1,,1,1,,,,,,,,,,,,,25,,,,,4,1,2,2,,2,
310151101025001H00201,1,4.002.01h,2018,3,1,5,1,7,80,1,1,1,4,1,1,1,2,2,7,6,2008,200,1000,2012,176,0,,,,,,,,,,,,,,,,,,,,,,,,,,,,,,,,,1,1,2,2,1,1,,,,1,1,,,,,,,,,,,,,,,5,,,,,4,1,2,2,,2,
310151101025001H04701,1,4.047.01h,2018,3,1,4,1,4,120,1,1,1,4,1,1,1,2,2,7,6,2007,280,2000,2011,120,20,20,10,5,2,,,,,,,,,,,,,,,,,,,,,,,,,,,1,1,1,,3,3,3,1,,,,1,1,3,3,1,1,,,,,,,,,,,5,,,,,4,1,2,2,,2,
310151101025001H05001,1,4.050.01h,2018,3,1,5,1,7,102,1,1,1,4,1,1,1,2,2,7,6,2007,270,1000,2009,28,0,,,,,,,,,,,,,,,,,,,,,,,,,,,,,,,1,1,1,1,1,1,2,1,,,,1,,2,,,,,,,,,,,,,,10,,,,,4,1,2,2,,2,
310151101025001H07401,1,4.074.01h,2018,3,1,4,1,4,115,1,1,1,4,1,1,1,2,2,7,6,2007,250,1000,2014,95,60,60,12,15,1,,,,,,,,,,,,,,,,,,,,,,,,,,,1,1,1,1,2,2,4,1,,,,1,,2,2,2,2,,,,,,,,,,,10,,,,,4,1,2,2,,2,
310151101025001H01401,1,4.014.01h,2018,3,1,4,1,7,115,1,1,1,4,1,1,1,2,2,7,3,2010,288,1000,2012,25,0,,,,,,,,,,,,,,87,220,,,,,,,,,,,,,,,,2,1,1,1,3,3,4,1,,,,1,,2,2,1,1,,,,,,,1,,,,10,,,,,4,1,2,2,,2,
310151101025001H06901,1,4.069.01h,2018,3,1,5,1,7,107,1,1,1,4,1,1,1,2,2,7,6,2007,245,1000,2008,25,0,,,,,,,,,,,,,,,,,,,,,,,,,,,,,,,2,1,1,1,2,2,2,1,,,,1,,2,2,,,,,,,,,,,,,25,,,,,4,1,2,2,,2,
310151101025001H00101,1,4.001.01h,2018,3,1,4,1,7,114,1,1,1,4,1,1,1,2,2,7,6,2010,230,1000,2013,50,0,,,,,,75,150,500,,,,,,,,,,,,,,,,,,,,,,,2,1,1,1,3,3,3,1,,,,1,1,2,2,1,1,,,,,,,1,,,,20,,,,,4,1,2,2,,2,
310151101025001H02801,1,4.028.01h,2018,3,1,5,1,2,80,1,1,1,4,1,1,1,2,2,7,3,,,,,,,,,,,500,,,,,,,,,,,,,,,,,,,,,,,,2,,1,1,1,1,1,1,1,1,,,,,1,4,4,2,2,,1,,,,,1,,,,10,,,,,4,1,2,2,,2,
310151101025001H00401,1,4.004.01h,2018,3,1,5,1,4,87,1,1,1,4,1,1,1,2,2,7,6,2008,226,1000,2015,120,0,,,,,,,,,,,,,,,,,,,,,,,,,,,,,,,1,1,1,1,3,3,3,1,,,,1,,2,2,1,1,,2,,,,,,,,,25,,,,,4,1,2,2,,2,
310151101025001H07701,1,4.077.01h,2018,3,1,4,1,4,107,1,1,1,4,1,1,1,2,2,7,6,2007,246,1000,2016,180,0,,,,,,,,,,,,,,,,,,,,,,,,,,,,,1,,2,1,1,1,3,3,3,1,,,,1,,3,3,1,1,,,,,,,,,,,40,,,,,4,1,2,2,,2,
310151101027001H04001,1,5.040.01h,2018,3,1,5,1,4,88,1,1,1,4,1,1,1,2,2,7,6,2010,300,3500,2012,120,50,50,10,14,1,,,,,,,,,,116,230,,,,,,,,,,,,,,1,,1,1,1,1,3,3,3,2,1,,,1,1,3,3,1,1,,1,,,,1,1,,,,10,,,,,4,1,2,1,20,2,
310151101027001H02901,1,5.029.01h,2018,3,1,5,1,4,88,1,1,1,4,1,1,1,2,2,7,6,2012,300,2000,2012,108,40,20,15,10,2,,,,,,,,,,,,,,,,,,,,,,,,,,,1,1,1,,2,2,3,1,,,,1,1,2,,,,,,,,,,,,,,25,,,,,4,1,2,2,,2,
310151101027001H00501,1,5.005.01h,2018,3,1,5,1,4,80,1,1,1,4,1,1,1,2,2,7,6,2012,240,2000,2012,118,30,30,10,20,1,,,,,,,,,,,,,,,,,,,,,,,,,1,,,1,1,1,3,3,3,1,,,,1,,2,2,,,,1,,1,,,,,,,10,,,,,4,1,2,2,,2,
310151101027001H06101,1,5.061.01h,2018,3,1,5,1,4,90,1,1,1,4,1,1,1,2,2,7,6,2012,300,3000,2013,148,90,90,45,20,1,,,,,,,,,,,,,,,,,,,,,,,,,1,,1,1,1,1,3,3,3,1,,,,1,,3,3,1,1,,1,,,,1,1,,,,10,,,,,4,1,2,2,,2,
310151101027001H06701,1,5.067.01h,2018,3,1,3,1,4,140,1,1,1,4,1,1,1,2,2,7,6,2013,500,5000,2015,210,0,,,,,,,,,,,,,,,,,,,,,,,,,,,,,2,,,1,1,1,4,4,4,1,,,,1,1,2,2,1,1,,1,,,,,1,,,,20,,,,,4,1,2,2,,2,
310151101027001H07501,1,5.075.01h,2018,3,1,4,1,4,120,1,1,1,4,1,1,1,2,2,7,6,2013,400,3500,2015,220,140,140,100,26,1,,50,200,3000,,,,,,,,,,,,,,,,,,,,,1,,1,1,1,1,3,3,3,1,,,,1,1,3,3,1,1,,1,1,,,,1,,,,5,,,,,4,1,2,2,,2,
310151101027001H03001,1,5.030.01h,2018,3,1,5,1,4,87,1,1,1,4,1,1,1,2,2,7,6,2012,261,2000,2013,110,0,,,,,,,,,,,,,,,,,,,,,,,,,,,,,,,,1,1,1,3,3,3,1,,,,1,1,2,2,,,,,,,,,,,,,10,,,,,4,1,2,2,,2,
310151101027001H01001,1,5.010.01h,2018,3,1,5,1,4,88,1,1,1,4,1,1,1,2,2,7,6,2012,300,2000,2012,110,0,,,,,,,,,,,,,,,,,,,,,,,,,,,,,2,,,1,1,1,3,3,1,1,,,,1,,2,2,1,1,,1,,,,1,1,,,,15,,,,,4,1,2,2,,2,
310151101027001H06501,1,5.065.01h,2018,3,1,4,1,4,117,1,1,1,4,1,1,1,2,2,7,6,2011,350,3500,2013,200,140,140,110,30,1,,,,,,,,,,,,,,,,,,,,,,,,,1,,,1,1,1,4,4,4,1,,,,1,,3,3,1,1,,2,,,,1,1,,,,2,,,,,4,1,2,2,,2,
310151101027001H02201,1,5.022.01h,2018,3,1,5,1,4,109,1,1,1,4,1,1,1,2,2,7,6,2012,350,2000,2012,150,50,50,20,15,1,,,,,,,,,,,,,,,,,,,,,,,,,2,,,1,1,1,2,2,2,1,,,,1,1,2,2,1,1,,,,,,,1,,,,10,,,,,4,1,2,1,10,2,
310151101027001H05801,1,5.058.01h,2018,3,1,3,1,4,142,1,1,1,4,1,1,1,2,2,7,6,2013,400,3500,2015,200,0,,,,,,,,,,,,70,140,,,,,,,,,,,,,,,,,,2,1,1,1,2,2,2,1,,,,1,1,2,,,,,,,1,,,,,,,10,,,,,4,1,2,2,,2,
310151102004001H01101,1,6.011.01h,2018,3,1,4,1,4,125,1,1,1,4,1,1,1,2,2,7,3,2006,312,1500,2007,60,0,,,,,,,,,,,,,,,,,,,,,,,,,,,,,1,,1,1,1,1,3,3,3,1,,,1,1,1,2,2,1,1,,1,,,,,,,,,5,,,,,4,1,2,2,,2,
310151102004001H04601,1,6.046.01h,2018,3,1,2,2,3,50,1,1,1,4,1,1,1,2,2,7,7,2006,100,800,2006,10,0,,,,,,,,,,,,,,,,,,,,,,,,,,,,,,,,1,1,1,2,2,1,1,,,,1,1,1,1,,,,,,,,,,,,,5,,,,,4,1,2,2,,2,
310151102004001H07301,1,6.073.01h,2018,3,1,6,1,4,38,1,1,1,4,1,1,1,2,2,7,3,1988,80,500,1997,1.2,0,,,,,,,,,,,,,,,,,,,,,,,,,,,,,1,,,1,1,1,1,1,1,1,,,,,1,2,2,1,1,,,,,,,,,,,5,,,,,4,1,2,2,,2,
310151102004001H00801,1,6.008.01h,2018,3,1,5,1,7,96,1,1,1,4,1,1,1,2,2,7,3,2006,240,1000,2007,10,0,,,,,,,,,,,,,,,,,,,,,,,,,,,,,,,1,1,1,1,2,2,3,1,,,,1,1,1,,,,,,,,,,,,,,5,,,,,4,1,2,2,,2,
310151102004001H06701,1,6.067.01h,2018,3,1,4,1,4,132,1,1,1,4,1,1,1,2,2,7,3,2000,260,1500,2000,26,0,,,,,,,,,,,,88,200,,,,,,,,,,,,,,,,1,,1,1,1,1,3,3,3,1,,,,1,1,4,3,1,1,,1,,,,,,,1,,10,,,,,4,1,2,2,,2,
310151102004001H00201,1,6.002.01h,2018,3,1,1,1,3,200,1,1,1,4,1,1,1,2,2,7,3,1991,200,800,1991,10,,,,,,,15,2,500,,,,,,,,,,,,,,,,,,,,,,,,1,1,,2,2,2,1,,,,1,1,2,2,,,,,,,,,,,,,1.5,,,,,4,1,2,2,,2,
310151102004001H01601,1,6.016.01h,2018,3,1,5,2,6,44,1,1,1,4,1,1,1,2,2,7,3,1998,88,350,1998,0.5,0,,,,,,,,,,,,,,,,,,,,,,,,,,,,,,,,1,1,1,1,1,1,1,,,,1,1,1,,,,,,,,,,,,,,1.5,,,,,4,1,2,2,,2,
310151102004001H06201,1,6.062.01h,2018,3,1,4,1,7,93,1,1,1,4,1,1,1,2,2,7,3,1997,186,1000,1998,5,0,,,,,,,,,,,,,,,,,,,,,,,,,,,,,1,,,1,1,1,3,,3,1,,,,1,1,2,2,1,1,,1,1,1,,1,1,,,,5,,,,,4,1,2,2,,2,
310151102004001H06801,1,6.068.01h,2018,3,1,4,1,4,130,1,1,1,4,1,1,1,2,2,7,3,2002,260,1500,2002,26,0,,,,,,,,,,,,,,,,,,,,,,,,,,,,,1,,,1,1,1,3,3,4,2,,,1,1,1,3,3,3,3,,1,1,1,,,1,,,,5,,,,,4,1,2,2,,2,
310151102004001H06901,1,6.069.01h,2018,3,1,4,1,4,130,1,1,1,4,1,1,1,2,2,7,3,2002,260,1500,2002,21,0,,,,,,49,250,3800,,,,,,,,49,210,170,100,48,15,,,,,,,,1,,,1,1,1,1,,1,1,1,,,1,,5,5,,,,,,,,,1,,2,,20,,,,,4,2,2,2,,2,
310151102214001H00101,1,7.001.01h,2018,3,1,1,1,3,100,1,1,1,4,1,1,1,2,3,7,3,1986,20,300,1986,20,0,,,,,,,,,,,,,,,,,,,,,,,,,,,,,,,1,1,1,1,3,3,3,1,1,,,1,,2,,,,,,,,,,,,,,10,,,,,4,1,2,2,,2,
310151102214001H05101,1,7.051.01h,2018,3,1,2,2,3,70,1,1,1,4,1,1,1,2,2,7,3,2011,10,500,2011,5,0,,,,,,0,0,0,0,0,0,0,0,0,0,0,0,0,,,,0,0,0,0,0,0,0,0,0,1,1,1,1,2,2,1,1,0,,0,1,1,2,0,0,0,,0,0,0,,0,0,0,0,300,5,0,0,0,0,4,1,2,2,,2,
310151102214001H00501,1,7.005.01h,2018,3,1,1,2,3,80,1,1,1,4,1,1,1,2,2,7,3,1990,8,300,1990,5,0,,,,,,0,,,,,,,,,,,,,,,,0,0,0,0,0,0,0,0,0,2,1,1,1,1,1,1,1,1,,0,1,1,1,0,0,0,,0,0,0,,0,0,0,0,100,10,0,0,0,0,4,1,2,2,,2,
310151102214001H05901,1,7.059.01h,2018,3,1,1,2,3,80,1,1,1,4,1,1,1,2,2,7,3,1987,8,500,1987,8,0,,,,,,0,0,0,0,0,0,0,0,0,0,0,0,0,,,,0,0,0,0,0,0,0,0,0,2,1,1,1,1,1,1,1,1,,0,1,1,1,0,0,0,,0,0,0,,0,0,0,0,300,5,0,0,0,0,4,1,2,2,,2,
310151102214001H03901,1,7.039.01h,2018,3,1,1,2,3,160,1,1,1,4,1,1,1,2,2,7,3,1992,20,500,1992,6,0,,,,,,0,0,0,0,0,0,0,0,0,0,0,0,0,,,,0,0,0,0,0,0,0,1,1,1,1,2,1,1,1,3,1,0,,0,1,0,4,4,3,3,,0,0,0,,0,0,0,0,50,0,0,0,0,0,4,1,2,2,,2,
310151102214001H06801,1,7.068.01h,2018,3,1,1,2,3,200,1,1,1,4,1,1,1,2,3,7,1,2000,12,800,2000,12,0,,,,,,0,0,0,0,0,0,0,0,0,0,0,0,0,,,,0,0,0,0,0,0,0,0,0,2,1,1,1,2,2,1,1,1,,0,0,0,2,0,0,0,,0,0,0,,0,0,0,0,1000,15,0,0,0,0,4,1,2,2,,2,
310151102214001H05801,1,7.058.01h,2018,3,1,1,2,3,160,1,1,1,4,1,1,1,2,2,7,3,1976,18,300,1976,18,0,,,,,,0,0,0,0,0,0,0,0,0,0,0,0,0,,,,0,0,0,0,0,0,0,0,0,1,1,1,1,2,2,2,1,0,,0,1,0,2,1,0,0,,0,0,0,,0,0,0,0,0,10,0,0,0,0,4,1,2,2,,2,
310151102214001H03101,1,7.031.01h,2018,3,1,1,2,3,90,1,1,1,4,1,1,1,2,2,7,3,1991,50,800,1991,20,0,,,,,,0,0,0,0,0,0,0,0,0,0,0,0,0,,,,0,0,0,0,0,0,0,0,0,1,1,1,1,2,2,2,1,0,,0,1,1,2,2,0,0,,0,0,0,,0,0,0,0,0,5,0,0,0,0,4,1,2,2,,2,
310151102214001H02901,1,7.029.01h,2018,3,1,1,1,3,100,1,1,1,4,1,1,1,2,3,11,3,1998,30,800,1998,20,0,,,,,,0,0,0,0,0,0,0,0,0,0,0,0,0,,,,0,0,0,0,0,0,0,0,0,1,1,1,1,1,1,1,1,0,,0,1,0,2,0,0,0,,0,0,0,,0,0,0,0,0,5,0,0,0,0,4,1,2,2,,2,
310151102214001H03801,1,7.038.01h,2018,3,1,1,2,3,80,1,1,1,4,1,1,1,2,3,7,3,1998,15,800,1998,15,0,,,,,,0,0,0,0,0,0,0,0,0,0,0,0,0,,,,0,0,0,0,0,0,0,0,0,2,1,1,1,1,1,1,1,1,,0,1,0,2,2,0,0,,0,0,0,,0,0,0,0,500,20,0,0,0,0,4,1,2,2,,2,
310151102214001H05601,1,7.056.01h,2018,3,1,1,2,3,80,1,1,1,4,1,1,1,2,2,7,1,1986,10,500,1986,2,0,,,,,,0,0,0,0,0,0,0,0,0,0,0,0,0,,,,0,0,0,0,0,0,0,0,0,2,1,1,1,2,2,1,1,0,,0,0,1,2,2,1,1,,0,0,0,,0,0,0,0,0,5,0,0,0,0,4,1,2,2,,2,
310151102218001H04301,1,8.043.01h,2018,3,1,2,2,3,78,1,1,1,4,1,1,1,2,2,7,3,2016,10,500,2016,10,0,,,,,,0,0,0,0,0,0,0,0,0,0,0,0,0,,,,0,0,0,0,0,0,0,0,0,0,1,1,1,1,1,1,1,0,,0,0,0,1,0,0,0,,0,0,0,,0,0,0,0,0,5,0,0,0,0,4,1,2,2,,2,
310151102218001H07701,1,8.077.01h,2018,3,1,1,2,3,200,1,1,1,4,1,1,1,2,2,7,3,1996,17,500,1996,17,0,,,,,,0,0,0,0,0,0,0,0,0,0,0,0,0,,,,0,0,0,0,0,0,0,0,0,1,1,1,1,1,1,1,1,0,,0,1,0,1,0,0,0,,0,0,0,,0,0,0,0,0,10,0,0,0,0,4,1,2,2,,2,
310151102218001H05001,1,8.050.01h,2018,3,1,1,2,3,200,1,1,1,4,1,1,1,2,2,7,3,1990,12,500,1990,12,0,,,,,,0,0,0,0,0,0,0,0,0,0,0,0,0,,,,0,0,0,0,0,0,0,0,0,2,1,1,1,1,1,2,1,0,,0,0,1,1,0,1,1,,0,0,0,,0,0,0,0,0,2.5,0,0,0,0,4,1,2,2,,2,
310151102218001H00301,1,8.003.01h,2018,3,1,1,2,3,100,1,1,1,4,1,1,1,2,3,11,1,1992,10,500,1992,10,0,,,,,,0,0,0,0,0,0,0,0,0,0,0,0,0,,,,0,0,0,0,0,0,0,0,0,2,1,1,0,1,1,0,1,0,,0,1,1,1,0,0,0,,0,0,0,,0,0,0,0,0,5,0,0,0,0,4,1,2,2,,2,
310151102218001H04601,1,8.046.01h,2018,3,1,1,2,3,120,1,1,1,4,1,1,1,2,3,7,3,1989,8,300,1989,8,0,,,,,,0,0,0,0,0,0,0,0,0,0,0,0,0,,,,0,0,0,0,0,0,0,1,0,0,1,1,1,1,1,1,1,1,,0,1,1,2,2,1,1,,0,0,0,,0,0,0,0,0,10,0,0,0,0,4,1,2,2,,2,
310151102218001H06301,1,8.063.01h,2018,3,1,1,2,3,160,1,1,1,4,1,1,1,2,2,7,3,1986,15,500,1986,15,0,,,,,,0,0,0,0,0,0,28,8,0,0,0,0,0,,,,0,0,0,0,0,0,0,0,0,0,0,1,1,2,2,1,1,0,,0,1,0,2,0,0,0,,0,0,0,,0,0,0,0,0,10,0,0,0,0,4,1,2,2,,2,
310151102218001H05301,1,8.053.01h,2018,3,1,1,2,3,300,1,1,1,4,1,1,1,2,3,7,3,1987,21,500,1987,21,0,,,,,,0,0,0,0,0,0,0,0,0,0,0,0,0,,,,0,0,0,0,0,0,0,1,1,2,1,1,1,2,2,4,2,0,,0,1,1,3,3,1,1,,1,0,0,,0,0,0,0,0,5,0,0,0,0,4,1,2,2,,2,
310151102218001H04501,1,8.045.01h,2018,3,1,2,2,3,30,1,1,1,4,1,1,1,2,2,7,1,1995,2,100,1995,1,0,,,,,,0,0,0,0,0,0,0,0,0,0,0,0,0,,,,0,0,0,0,0,0,0,0,0,1,1,1,1,1,1,1,1,0,,0,0,1,1,0,0,0,,0,0,0,,0,0,0,0,40,25,0,0,0,0,4,1,2,2,,2,
310151102218001H07501,1,8.075.01h,2018,3,1,1,2,3,315,1,1,1,4,1,1,1,2,2,7,3,1988,10,300,1988,10,0,,,,,,0,0,0,0,0,0,0,0,0,0,0,0,0,,,,0,0,0,0,0,0,0,0,0,1,1,1,1,2,2,2,1,0,,0,0,1,2,0,0,0,,0,0,0,,0,0,0,0,0,10,0,0,0,0,4,1,2,2,,2,
310151102218001H05601,1,8.056.01h,2018,3,1,1,2,3,180,1,1,1,4,1,1,1,2,2,7,3,1990,13,500,1990,13,0,,,,,,0,0,0,0,0,0,0,0,0,0,0,0,0,,,,0,0,0,0,0,0,0,0,0,1,1,1,1,3,3,5,1,1,,0,1,0,2,0,0,0,,0,0,0,,0,0,0,0,0,15,0,0,0,0,4,1,2,2,,2,
310151103002001H00301,1,9.003.01h,2018,3,1,1,1,3,300,1,1,1,4,1,1,1,2,2,7,3,1987,200,1000,1987,3,0,,,,,,,,,,,,,,,,,,,,,,,,,,,,,1,,1,1,1,1,2,2,1,1,1,,,1,1,2,,,,,,,,,,,,,,50,,,,,4,1,2,2,,2,
310151103002001H01201,1,9.012.01h,2018,3,1,6,2,3,70,1,1,1,4,1,2,1,2,2,7,3,1967,20,200,1967,0.5,0,,,,,,,,,,,,,,,,,,,,,,,,,,,,,,,,1,1,1,2,2,2,1,,,,1,1,2,,,,,,,,,,,,10,,60,,,,,4,1,2,2,,2,
310151103002001H00401,1,9.004.01h,2018,3,1,1,2,3,90,1,1,1,4,1,1,1,2,2,7,3,1996,63,500,1996,15,0,,,,,,,,,,,,,,,,,,,,,,,,,,,,,,,2,1,1,1,2,2,2,1,1,,,1,,2,,,,,,,,,,,,,,25,,,,,4,1,2,2,,2,
310151103002001H00701,1,9.007.01h,2018,3,1,1,2,3,160,1,1,1,4,1,1,1,2,2,7,3,1986,60,600,1986,2,0,,,,,,,,,,,,,,,,,,,,,,,,,,,,,,,2,1,1,1,2,1,1,1,1,,,1,,2,,,,,,,,,,,,,,60,,,,,4,1,2,2,,2,
310151103002001H05901,1,9.059.01h,2018,3,1,1,2,3,190,1,1,1,4,1,1,1,2,2,7,3,1983,133,1000,1983,2,0,,,,,,,,,,,,,,,,,,,,,,,,,,,,,,,,1,1,1,2,2,2,1,,,,1,1,2,2,,,,,,,,,,,,,30,,,,,4,1,2,2,,2,
310151103002001H00501,1,9.005.01h,2018,3,1,1,2,3,180,1,1,1,4,1,1,1,2,2,7,3,1983,100,1000,1983,10,0,,,,,,,,,,,,,,,,,,,,,,,,,,,,,,,1,1,1,1,1,1,2,1,1,,,1,,2,2,1,,,,,,,,1,,,,20,,,,,4,1,2,2,,2,
310151103002001H03301,1,9.033.01h,2018,3,1,1,2,3,168,1,1,1,4,1,1,1,2,2,7,3,1984,154,500,1998,13,0,,,,,,,,,,,,,,,,,,,,,,,,,,,,,,,,1,1,1,2,2,1,1,,,,1,1,1,,,,,,,,,,,,,,20,,,,,4,1,2,2,,2,
310151103002001H00601,1,9.006.01h,2018,3,1,1,1,3,240,1,1,1,4,1,1,1,2,2,7,3,1978,168,1000,1987,20,0,,,,,,,,,,,,,,,,,,,,,,,,,,,,,,,1,1,1,1,2,2,2,1,,,,1,,1,,,,,,,,,,,,,,30,,,,,4,1,2,2,,2,
310151103002001H02301,1,9.023.01h,2018,3,1,2,2,3,42,1,1,1,4,1,1,1,2,2,7,3,1977,12,200,1977,0.5,0,,,,,,,,,,,,,,,,,,,,,,,,,,,,,,,,1,1,1,1,,1,1,,,,1,,1,,,,,,,,,,,,,,50,,,,,4,1,2,2,,2,
310151103002001H04701,1,9.047.01h,2018,3,1,1,2,3,112,1,1,1,4,1,1,1,2,2,7,3,1984,78,500,1984,3,0,,,,,,,,,,,,,,,,,,,,,,,,,,,,,,,1,1,1,1,2,2,2,1,,,,1,1,2,1,1,1,,,,1,,1,1,,,,20,,,,,4,1,2,2,,2,
310151103002001H06401,1,9.064.01h,2018,3,1,2,1,3,90,1,1,1,4,1,1,1,2,2,7,3,2011,63,1000,2011,30,0,,,,,,,,,,,,,,,,,,,,,,,,,,,,,,,1,1,1,1,2,2,1,1,,,,1,,2,2,,,,,,,,,,,,,20,,,,,4,1,2,2,,2,
310151103002001H06101,1,9.061.01h,2018,3,1,1,1,3,234,1,1,1,4,1,1,1,2,2,7,3,1987,130,800,1987,3,0,,,,,,,,,,,,,,,,,,,,,,,,,,,,,,,,1,1,1,1,1,1,1,,,,1,,1,,,,,,,,,,,,,,15,,,,,4,1,2,2,,2,
310151103202001H01201,1,10.012.01h,2018,3,1,1,1,3,180,1,1,1,4,1,1,1,2,2,3,1,1990,20,300,1990,5,0,,,,,,,,,,,,,,,,,,,,,,,,,,,,,,,,1,1,1,1,1,1,1,,,,1,1,1,,,,,,,,,,,,,,10,,,,,4,1,2,2,,2,
310151103202001H00401,1,10.004.01h,2018,3,1,2,2,3,66,1,1,1,4,1,1,1,2,2,3,3,1987,4,200,1987,1,0,,,,,,,,,,,,,,,,,,,,,,,,,,,,,,,,,1,,1,1,1,1,,,,,,1,,,,,,,,,,,,,,10,,,,,4,1,2,2,,2,
310151103202001H07801,1,10.078.01h,2018,3,1,1,1,3,270,1,1,1,4,1,1,1,2,2,3,1,1986,20,300,1986,5,0,,,,,,,,,,,,,,,,,,,,,,,,,,,,,,,1,1,1,,1,1,1,1,,,,,1,3,2,,,,,,,,,,,,,15,,,,,4,1,2,2,,2,
310151103202001H01801,1,10.018.01h,2018,3,1,1,1,3,150,1,1,1,4,1,1,1,2,2,3,1,1990,17,300,1990,6,0,,,,,,,,,,,,,,,,,,,,,,,,,,,,,,,,1,1,,1,1,1,1,,,,,,2,,,,,,,,,,,,,,10,,,,,4,1,2,2,,2,
310151103202001H07001,1,10.070.01h,2018,3,1,1,1,3,220,1,1,1,4,1,1,1,2,2,3,3,1997,15,300,1997,5,0,,,,,,,,,,,,,,,,,,,,,,,,,,,,,1,,,1,1,1,2,2,2,1,,,1,1,1,2,2,,,,,,,,,,,,,10,,,,,4,1,2,2,,2,
310151103202001H06101,1,10.061.01h,2018,3,1,1,1,3,60,1,1,1,4,1,1,1,2,2,3,1,1988,5,200,1988,2,0,,,,,,,,,,,,,,,,,,,,,,,,,,,,,,1,,1,1,1,1,1,1,1,,,,1,1,1,,,,,,,,,,,,,100,7,,,,,4,1,2,2,,2,
310151103202001H07901,1,10.079.01h,2018,3,1,1,3,3,180,1,1,1,4,1,1,1,2,2,3,1,1997,20,300,1997,8,0,,,,,,,,,,,,,,,,,,,,,,,,,,,,,,,,1,1,1,2,2,1,1,,,,1,1,2,,,,,,,,,,,,,,25,,,,,4,1,2,2,,2,
310151103202001H00901,1,10.009.01h,2018,3,1,1,1,3,234,1,1,1,4,1,1,1,2,2,3,1,1988,20,200,1988,3,0,,,,,,,,,,,,,,,,,,,,,,,,,,,,,,,,1,1,1,2,2,3,1,,,,1,,2,2,,,,,,,,,,,,200,,,,,,4,1,2,2,,2,
310151103202001H03601,1,10.036.01h,2018,3,1,1,2,3,220,1,1,1,4,1,1,1,2,2,3,1,1987,20,200,1987,3,0,,,,,,,,,,,,,,,,,,,,,,,,,,,,,,,,1,1,1,1,1,1,1,,,,,1,2,,,,,,,,,,,,,,20,,,,,4,1,2,2,,2,
310151103202001H06501,1,10.065.01h,2018,3,1,1,1,3,180,1,1,1,4,1,1,1,2,2,3,1,1988,20,300,1988,5,0,,,,,,,,,,,,,,,,,,,,,,,,,,,,,,,,1,1,1,2,1,2,1,,,,,1,2,,,,,,,,,,,,,,20,,,,,4,1,2,2,,2,
310151103203001H00501,1,11.005.01h,2018,3,1,1,2,3,200,1,1,1,4,1,1,1,2,2,3,3,1996,30,200,1996,3,0,,,,,,,,,,,,,,,,,,,,,,,,,,,,,,,2,1,1,1,3,3,1,1,,,,1,1,2,,,,,,,,,,,,,,30,,,,,4,1,2,2,,2,
310151103203001H02401,1,11.024.01h,2018,3,1,1,2,3,170,1,1,1,4,1,1,1,2,2,3,3,1991,20,200,1991,10,0,,,,,,,,,,,,,,,,,,,,,,,,,,,,,,,2,1,1,1,1,1,1,1,1,,,,1,2,,1,1,,,,,,,,,,,20,,,,,4,1,2,2,,2,
310151103203001H03501,1,11.035.01h,2018,3,1,1,2,3,180,1,1,1,4,1,1,1,2,2,3,3,2014,70,2000,2014,60,0,,,,,,,,,,,,,,,,,,,,,,,,,,,,,,,2,1,1,1,3,3,4,2,1,,,1,1,3,,1,1,,,,,,,,,,,50,,,,,4,1,2,2,,2,
310151103203001H00301,1,11.003.01h,2018,3,1,1,2,3,180,1,1,1,4,1,1,1,2,2,3,3,1998,15,200,1998,10,0,,,,,,,,,,,,,,,,,,,,,,,,,,,,,,,1,1,1,1,2,2,1,1,,,,1,,2,,,,,,,,,,,,,,30,,,,,4,1,2,2,,2,
310151103203001H01601,1,11.016.01h,2018,3,1,2,2,3,135,1,1,1,4,1,1,1,2,2,3,3,2010,50,200,2010,50,0,,,,,,,,,,,,,,,,,,,,,,,,,,,,,,,,1,1,1,2,2,1,2,1,,,1,1,1,,,,,,,,,,1,,,,50,,,,,4,1,2,2,,2,
310151103203001H03801,1,11.038.01h,2018,3,1,1,2,3,150,1,1,1,4,1,1,1,2,2,3,3,2015,60,200,2015,30,0,,,,,,,,,,,,,,,,,,,,,,,,,,,,,,,,1,1,,1,1,1,1,,,,,1,,,,,,,,,,,,,,50,,,,,,4,1,2,2,,2,
310151103203001H06401,1,11.064.01h,2018,3,1,2,2,3,30,1,1,1,4,1,1,1,4,2,3,3,2014,5,200,2014,1.7,0,,,,,,,,,,,,,,,,,,,,,,,,,,,,,,,,,1,1,1,1,1,,,,,,,,,,,,,,,,,,,,,20,,,,,4,1,2,2,,2,
310151103203001H07701,1,11.077.01h,2018,3,1,1,2,3,230,1,1,1,4,1,1,1,2,2,3,3,1983,21,200,1983,21,0,,,,,,,,,,,,,,,,,,,,,,,,,,,,,,,1,1,1,1,1,1,1,1,,,,1,1,,,,,,,,,,,,,,,20,,,,,4,1,2,2,,2,
310151103203001H04401,1,11.044.01h,2018,3,1,2,2,3,20,1,1,1,4,1,1,1,2,2,3,3,2015,2.5,200,2015,2.5,0,,,,,,,,,,,,,,,,,,,,,,,,,,,,,,,,,,,1,1,1,1,,,,,,1,,,,,,,,,,,,,,20,,,,,4,1,2,2,,2,
310151103203001H02801,1,11.028.01h,2018,3,1,1,2,3,200,1,1,1,4,1,1,1,2,2,7,1,1988,25,200,1988,2.5,0,,,,,,,,,,,,,,,,,,,,,,,,,,,,,,,1,1,1,1,1,1,1,1,,,,,1,,,,,,,,,,,,150,,250,,100,,,,4,1,2,2,,2,
310151103208001H04701,1,12.047.01h,2018,3,1,1,2,3,285,1,1,1,4,1,1,1,2,2,7,3,1997,60,500,1997,16,0,,,,,,,,,,,,,,,,,,,,,,,,,,,,,,1,1,1,1,1,2,2,2,1,,,,1,2,2,2,1,1,,,,,,,1,,,,30,,,,,4,1,2,2,,2,
310151103208001H00101,1,12.001.01h,2018,3,1,1,2,3,180,1,1,1,4,1,1,1,2,2,7,3,2002,25,500,2002,15,0,,,,,,,,,,,,,,,,,,,,,,,,,,,,,,,2,1,1,1,2,2,2,1,,,,1,2,2,2,1,1,,1,,,,1,,,,,20,,,,,4,1,2,2,,2,
310151103208001H04601,1,12.046.01h,2018,3,1,1,2,3,234,1,1,1,4,1,1,1,2,3,7,3,1990,40,500,1990,8,0,,,,,,,,,,,,,,,,,,,,,,,,,,,,,,,2,1,1,1,2,2,1,1,,,,1,2,2,2,,,,,,,,,1,,,200,50,,,,,4,1,2,2,,2,
310151103208001H07901,1,12.079.01h,2018,3,1,1,2,3,420,1,1,1,4,1,1,1,2,2,7,3,1995,60,500,1995,20,0,,,,,,,,,,,,,,,,,,,,,,,,,,,,,,,3,1,1,1,2,2,2,1,,,,1,2,2,2,1,1,,,,,,,1,,,,30,,,,,4,1,2,2,,2,
310151103208001H01301,1,12.013.01h,2018,3,1,2,2,3,120,1,1,1,4,1,1,1,2,2,7,1,1968,20,500,1968,2,0,,,,,,,,,,,,,,,,,,,,,,,,,,,,,,,1,1,1,1,2,2,1,1,,,,,1,,,,,,,,,,,,50,,,20,,,,,4,1,2,2,,2,
310151103208001H05201,1,12.052.01h,2018,3,1,1,2,3,230,1,1,1,4,1,1,1,2,2,7,4,1992,40,500,1992,10,0,,,,,,,,,,,,,,,,,,,,,,,,,,,,,,,2,1,1,1,2,2,1,1,,,,1,2,2,2,,,,,,,,,1,,,30,60,,,,,4,1,2,2,,2,
310151103208001H06701,1,12.067.01h,2018,3,1,1,2,3,240,1,1,1,4,1,1,1,2,2,7,3,1998,50,500,1998,15,0,,,,,,,,,,,,,,,,,,,,,,,,,,,,,,,2,1,1,1,2,2,2,1,,,,1,2,2,2,,,,,,,,,1,,,,60,,,,,4,1,2,2,,2,
310151103208001H05401,1,12.054.01h,2018,3,1,1,2,3,180,1,1,1,4,1,1,1,2,2,7,3,2007,30,500,2007,20,0,,,,,,,,,,,,,,,,,,,,,,,,,,,,,,,2,1,1,1,2,2,2,1,,,,1,2,2,2,,,,,,,,,,,,50,50,,,,,4,1,2,2,,2,
310151103208001H00401,1,12.004.01h,2018,3,1,1,2,3,270,1,1,1,4,1,1,1,2,2,7,3,1997,35,500,1997,14,0,,,,,,,,,,,,,,,,,,,,,,,,,,,,,,,1,1,1,1,2,2,1,1,,,,1,1,2,1,,,,,,,,,,,,,30,,,,,4,1,2,2,,2,
310151103208001H00701,1,12.007.01h,2018,3,1,1,2,3,180,1,1,1,4,1,1,1,2,2,7,3,2002,25,500,2002,20,0,,,,,,,,,,,,,,,,,,,,,,,,,,,,,,,2,1,1,1,2,2,2,1,,,,1,2,2,,,,,,,,,,1,,,,20,,,,,4,1,2,2,,2,
310151103208001H02501,1,12.025.01h,2018,3,1,1,2,3,200,1,1,1,4,1,1,1,2,2,7,3,1998,35,500,1998,10,0,,,,,,,,,,,,,,,,,,,,,,,,,,,,,,,2,1,1,1,2,2,1,1,,,,1,1,2,1,,,,,,,,,,,,,70,,,,,4,1,2,2,,2,
310151104204001H06901,1,13.069.01h,2018,3,1,1,2,3,90,1,1,1,4,1,1,1,2,2,7,3,2000,30,500,2000,30,0,,,,,,,,,,,,,,,,,,,,,,,,,,,,,1,,1,1,1,1,2,2,3,2,1,,,1,1,2,2,,,,,,,,,,,,,25,,,,,4,1,2,2,,2,
310151104204001H06001,1,13.060.01h,2018,3,1,1,2,3,90,1,1,1,4,1,1,1,2,2,7,3,1996,25,500,1996,25,0,,,,,,,,,,,,,,,,,,,,,,,,,,,,,,,1,1,1,1,2,2,1,1,1,,,1,,2,,,,,,,,,,,,,,20,,,,,4,1,2,2,,2,
310151104204001H05801,1,13.058.01h,2018,3,1,1,2,3,80,1,1,1,4,1,1,1,4,3,11,1,1995,15,200,1995,15,0,,,,,,,,,,,,,,,,,,,,,,,,,,,,,,,1,1,1,1,1,1,,,,,,,,1,,,,,,,,,,,,,,10,,,,,4,1,2,2,,2,
310151104204001H02901,1,13.029.01h,2018,3,1,1,2,3,90,1,1,1,4,1,1,1,2,2,7,1,1996,25,300,1996,25,0,,,,,,,,,,,,,,,,,,,,,,,,,,,,,,,2,1,1,1,1,1,1,1,1,,,,,1,,,,,,,,,,,,,,25,,,,,4,1,2,2,,2,
310151104204001H01801,1,13.018.01h,2018,3,1,1,2,3,90,1,1,1,4,1,1,1,4,2,7,1,1996,20,300,1996,20,0,,,,,,,,,,,,,,,,,,,,,,,,,,,,,,,2,1,1,,1,1,1,,,,,,,1,,,,,,,,,,,,,,20,,,,,4,1,2,2,,2,
310151104204001H07801,1,13.078.01h,2018,3,1,1,2,3,100,1,1,1,4,1,1,1,2,2,7,1,1995,25,300,1995,25,0,,,,,,,,,,,,70,200,,,,,,,,,,,,,,,,,,1,1,1,1,2,2,1,1,1,,,,1,3,3,,,,,,,,,,,,,25,,,,,4,1,2,2,,2,
310151104204001H07701,1,13.077.01h,2018,3,1,2,2,3,100,1,1,1,4,1,1,1,2,2,7,1,1990,20,200,1990,20,0,,,,,,,,,,,,,,,,,,,,,,,,,,,,,,,,,1,,2,2,1,1,,,,,,1,,,,,,,,,,,,,,15,,,,,4,1,2,2,,2,
310151104204001H03201,1,13.032.01h,2018,3,1,1,2,3,100,1,1,1,4,1,1,1,2,2,7,3,1990,25,500,1990,25,0,,,,,,,,,,,,,,,,,,,,,,,,,,,,,,,1,1,1,1,3,2,4,3,1,,,1,,2,2,,,,,,,,,,,,,25,,,,,4,1,2,2,,2,
310151104204001H03401,1,13.034.01h,2018,3,1,1,2,3,80,1,1,1,4,1,1,1,2,2,7,1,1987,15,200,1987,15,0,,,,,,,,,,,,,,,,,,,,,,,,,,,,,,,1,1,1,1,1,1,1,1,1,,,,1,1,,,,,,,,,,,,,,20,,,,,4,1,2,2,,2,
310151104204001H05101,1,13.051.01h,2018,3,1,2,2,3,127,1,1,1,4,1,1,1,2,2,7,9,2010,25,300,2010,25,0,,,,,,,,,,,,,,,,,,,,,,,,,,,,,,,,1,1,1,1,1,1,1,,,,1,1,1,,,,,,,,,,,,,,20,,,,,4,1,2,2,,2,
310151104204001H05401,1,13.054.01h,2018,3,1,1,2,3,100,1,1,1,4,1,1,1,2,2,7,9,1994,20,300,1994,20,0,,,,,,,,,,,,,,,,,,,,,,,,,,,,,,,1,1,1,1,1,1,1,1,1,,,1,,2,1,,,,,,,,,,,,,20,,,,,4,1,2,2,,2,
310151104210001H01301,1,14.013.01h,2018,3,1,1,2,3,100,1,1,1,4,1,1,1,2,2,7,3,1995,25,500,1995,25,0,,,,,,,,,,,,60,180,,,,,,,,,,,,,,,,2,,2,1,2,2,5,5,4,1,1,,,1,1,3,3,1,1,,,,,,,,,,,30,,,,,4,1,2,2,,2,
310151104210001H02001,1,14.020.01h,2018,3,1,1,2,3,90,1,1,1,4,1,1,1,2,2,7,3,1995,25,300,1995,25,0,,,,,,,,,,,,88,150,,,,,,,,,,,,,,,,,,2,1,1,,2,2,3,2,1,,,2,1,3,3,2,2,,,,,,,,,,,20,,,,,4,1,2,2,,2,
310151104210001H02301,1,14.023.01h,2018,3,1,2,2,3,50,1,1,1,4,1,1,1,2,3,11,3,2016,25,500,2016,25,0,,,,,,,,,,,,,,,,,,,,,,,,,,,,,,,1,1,1,1,1,1,,1,,,,,1,1,,,,,,,,,,,,,,10,,,,,4,1,2,2,,2,
310151104210001H02701,1,14.027.01h,2018,3,1,1,2,3,90,1,1,1,4,1,1,1,2,2,7,3,1996,20,300,1996,20,0,,,,,,,,,,,,,,,,,,,,,,,,,,,,,,,2,1,1,1,2,2,2,2,1,,,1,,2,1,,,,,,,,,,,,,25,,,,,4,1,2,2,,2,
310151104210001H04901,1,14.049.01h,2018,3,1,2,2,3,58,1,1,1,4,1,1,1,2,2,7,3,1991,15,300,1991,15,0,,,,,,,,,,,,,,,,,,,,,,,,,,,,,,,1,1,1,1,1,1,1,1,1,,,,1,1,,,,,,,,,,,,,,20,,,,,4,1,2,2,,2,
310151104210001H01901,1,14.019.01h,2018,3,1,1,2,3,100,1,1,1,4,1,1,1,2,2,7,1,1992,20,300,1992,20,0,,,,,,,,,,,,,,,,,,,,,,,,,,,,,,,1,,1,,2,2,1,1,1,,,,,1,,,,,,,,,,,,,,20,,,,,4,1,2,2,,2,
310151104210001H02501,1,14.025.01h,2018,3,1,1,2,3,90,1,1,1,4,1,1,1,2,2,7,1,1992,20,300,1992,20,0,,,,,,,,,,,,,,,,,,,,,,,,,,,,,,,1,,1,,2,2,1,1,1,,,,,2,,,,,,,,,,,,,,20,,,,,4,1,2,2,,2,
310151104210001H06401,1,14.064.01h,2018,3,1,1,2,3,70,1,1,1,4,1,1,1,2,2,7,3,1993,20,300,1993,20,0,,,,,,,,,,,,,,,,,,,,,,,,,,,,,,,2,1,1,1,2,2,3,1,,,,1,,2,1,,,,,,,,,,,,,20,,,,,4,1,2,2,,2,
310151104210001H00801,1,14.008.01h,2018,3,1,1,2,3,80,1,1,1,4,1,1,1,4,3,11,1,1992,20,300,1992,20,0,,,,,,,,,,,,,,,,,,,,,,,,,,,,,,,1,,1,,1,1,,,,,,,,,,,,,,,,,,,,,,20,,,,,4,1,2,2,,2,
310151104210001H08001,1,14.080.01h,2018,3,1,2,2,3,60,1,1,1,4,1,1,1,4,2,7,1,1973,15,200,1973,15,0,,,,,,,,,,,,20,5,,,,,,,,,,,,,,,,,1,1,1,1,1,1,1,1,,,,,,,2,,,,,,,,,,,,,,15,,,,,4,1,2,2,,2,
310151104214001H06701,1,15.067.01h,2018,3,1,1,2,3,80,1,1,1,4,1,1,1,2,2,7,3,1993,20,300,1993,20,0,,,,,,,,,,,,50,120,,,,,,,,,,,,,,,,1,,2,1,1,1,3,3,3,1,1,,,,1,2,2,,,,,,,,,,,,,35,,,,,4,1,2,2,,2,
310151104214001H04701,1,15.047.01h,2018,3,1,1,2,3,95,1,1,1,4,1,1,1,2,2,7,3,2015,35,600,2015,35,0,,,,,,,,,,,,80,150,,,,,,,,,,,,,,,,1,,,1,1,1,2,2,3,1,,,,1,,2,2,1,1,,,,,,,,,,,20,,,,,4,1,2,2,,2,
310151104214001H01201,1,15.012.01h,2018,3,1,1,2,3,90,1,1,1,4,1,1,1,2,2,7,3,1987,15,200,1987,15,0,,,,,,,,,,,,,,,,,,,,,,,,,,,,,,,2,,1,1,1,1,1,2,1,,,,1,1,,,,,,,,,,,,,,15,,,,,4,1,2,2,,2,
310151104214001H02701,1,15.027.01h,2018,3,1,2,2,3,70,1,1,1,4,1,1,1,2,2,7,1,2012,15,200,2012,15,0,,,,,,,,,,,,,,,,,,,,,,,,,,,,,,,,,1,1,1,1,1,1,1,,,,,,,,,,,,,,,,,,,10,,,,,4,1,2,2,,2,
310151104214001H08001,1,15.080.01h,2018,3,1,1,2,3,80,1,1,1,4,1,1,1,2,2,7,3,1997,25,300,1997,25,0,,,,,,,,,,,,,,,,,,,,,,,,,,,,,,,2,1,1,1,2,2,2,1,,,,,,2,1,,,,,,,,,,,,,25,,,,,4,1,2,2,,2,
310151104214001H07401,1,15.074.01h,2018,3,1,1,2,3,80,1,1,1,4,1,1,1,2,2,7,3,1994,25,300,1994,25,0,,,,,,,,,,,,,,,,,,,,,,,,,,,,,,,1,,1,1,1,1,1,1,,,,,1,1,,,,,,,,,,,,,,25,,,,,4,1,2,2,,2,
310151104214001H04801,1,15.048.01h,2018,3,1,1,2,3,90,1,1,1,4,1,1,1,2,2,7,3,1995,20,300,1995,20,0,,,,,,,,,,,,70,135,,,,,,,,,,,,,,,,,,1,1,2,1,2,2,3,1,,,,1,,6,6,1,1,,,,,,,,,,,30,,,,,4,1,2,2,,2,
310151104214001H05101,1,15.051.01h,2018,3,1,1,2,3,85,1,1,1,4,1,1,1,2,2,7,1,1984,15,200,1984,15,0,,,,,,,,,,,,,,,,,,,,,,,,,,,,,,,1,,1,1,1,1,1,1,1,,,,1,2,,,,,,,,,,,,,,25,,,,,4,1,2,2,,2,
310151104214001H04401,1,15.044.01h,2018,3,1,1,2,3,68,1,1,1,4,1,1,1,2,2,7,3,1990,20,300,1990,20,0,,,,,,,,,,,,,,,,,,,,,,,,,,,,,,,1,1,1,1,2,2,2,1,,,,1,1,2,1,,,,,,,,,,,,,20,,,,,4,1,2,2,,2,
310151104214001H00901,1,15.009.01h,2018,3,1,1,2,3,60,1,1,1,4,1,1,1,2,2,7,3,1995,30,600,1995,30,0,,,,,,0,0,0,,,,,,,,,,,,,,,,,,,,,,,3,,1,1,1,1,1,1,1,,,,,3,3,1,1,,,,,,,,,,,20,,,,,4,1,2,2,,2,
310151105217001H07401,1,16.074.01h,2018,3,1,1,2,3,300,1,1,1,4,1,1,1,2,2,7,1,2011,45,200,2011,30,0,,,,,,,,,,,,,,,,,,,,,,,,,,,,,,,1,1,1,1,2,2,1,1,1,,,,1,1,,,,,,,,,,,,,300,5,,,,,4,1,2,2,,2,
310151105217001H07601,1,16.076.01h,2018,3,1,1,2,3,270,1,1,1,4,1,1,1,2,2,7,1,1992,20,200,1992,15,0,,,,,,,,,,,,,,,,,,,,,,,,,,,,,,,2,1,1,1,2,2,3,1,1,,,,1,2,,1,,,,,,,,,,,,10,,,,,4,1,2,2,,2,
310151105217001H01901,1,16.019.01h,2018,3,1,1,2,3,375,1,1,1,4,1,1,1,2,2,7,1,1990,5,200,1990,2,,,,,,,,,,,,,,,,,,,,,,,,,,,,,,,,1,,1,1,1,1,1,1,,,,,1,1,,,,,,,,,,,,,,15,,,,,4,1,2,2,,2,
310151105217001H03301,1,16.033.01h,2018,3,1,1,2,3,270,1,1,1,4,1,1,1,2,2,7,3,1995,25,200,1995,15,0,,,,,,,,,,,,,,,,,,,,,,,,,,,,,,,1,1,1,1,2,2,1,1,,,,,,1,1,,,,,,,,,,,,,10,,,,,4,1,2,2,,2,
310151105217001H05001,1,16.050.01h,2018,3,1,1,2,3,210,1,1,1,4,1,1,1,2,2,7,3,1988,5,200,1988,2,0,,,,,,,,,,,,,,,,,,,,,,,,,,,,,,,2,1,1,1,2,2,1,1,,,,,1,2,,1,1,,,,,,,,,,,20,,,,,4,1,2,2,,2,
310151105217001H03201,1,16.032.01h,2018,3,1,1,2,3,240,1,1,1,4,1,1,1,2,2,7,3,2009,55,200,2009,40,0,,,,,,,,,,,,,,,,,,,,,,,,,,,,,2,,1,1,1,1,3,3,3,1,1,,,1,,3,3,1,1,,,,,,,1,,,,5,,,,,4,1,2,2,,2,
310151105217001H00301,1,16.003.01h,2018,3,1,1,2,3,200,1,1,1,4,1,1,1,2,2,7,1,1981,5,200,1981,2,0,,,,,,,,,,,,,,,,,,,,,,,,,,,,,,,2,1,1,1,2,2,1,1,1,,,,1,1,,,,,,,,,,,,,,10,,,,,4,1,2,2,,2,
310151105217001H02301,1,16.023.01h,2018,3,1,1,2,3,330,1,1,1,4,1,1,1,2,2,7,3,2013,80,200,2013,50,0,,,,,,,,,,,,,,,,,,,,,,,,,,,,,,,2,1,2,1,4,4,2,1,,,,1,1,2,,1,1,,,,,,,,,,,10,,,,,4,1,2,2,,2,
310151105217001H02501,1,16.025.01h,2018,3,1,1,2,3,160,1,1,1,4,1,1,1,2,2,7,3,1991,25,200,1991,15,0,,,,,,,,,,,,,,,,,,,,,,,,,,,,,,,2,,1,1,3,2,2,2,1,,,,1,2,,,,,,,,,,,,,150,10,,,,,4,1,2,2,,2,
310151105217001H05901,1,16.059.01h,2018,3,1,1,2,3,200,1,1,1,4,1,1,1,4,3,11,1,1981,10,200,1981,5,0,,,,,,,,,,,,,,,,,,,,,,,,,,,,,,,1,,1,,1,1,,,,,,,1,1,,,,,,,,,,,,,250,20,,,,,4,1,2,2,,2,
310151106204001H07501,1,17.075.01h,2018,3,1,1,1,3,180,1,1,1,4,1,1,1,2,3,3,3,2003,15,300,2003,40,0,,,,,,,,,,,,,,,,,,,,,,,,,,,,,,,1,1,1,1,2,1,2,1,1,,,,1,2,,,,,,,,,,,,,,15,55,,,,4,1,2,2,,2,
310151106204001H03901,1,17.039.01h,2018,3,1,1,1,3,180,1,1,1,4,1,1,1,2,3,3,3,2000,15,200,2000,26,0,,,,,,,,,,,,,,,,,,,,,,,,,,,,,,,1,,,,1,1,1,,,,,,1,1,1,,,,,,,,,,,,,20,500,,80,,4,1,2,2,,2,
310151106204001H07601,1,17.076.01h,2018,3,1,2,3,3,60,1,1,1,4,1,1,1,2,3,11,3,2014,3,300,2014,4.5,0,,,,,,,,,,,,,,,,,,,,,,,,,,,,,,,1,,1,1,1,1,1,1,1,,,,1,1,,,,,,,,,,,,,,50,,,,,4,1,2,2,,2,
310151106204001H07901,1,17.079.01h,2018,3,1,1,2,3,200,1,1,1,4,1,1,1,2,3,3,3,1996,80,2000,1996,15,0,,,,,,,,,,,,,,,,,,,,,,,,,,,,,,,1,1,1,1,2,2,2,1,,,,,1,2,,,,,,,,,,1,,,,25,,,,,4,1,2,2,,2,
310151106204001H02101,1,17.021.01h,2018,3,1,2,2,3,65,1,1,1,4,1,1,1,2,2,7,3,1980,10,500,1980,1,0,,,,,,,,,,,,,,,,,,,,,,,,,,,,,,,1,,1,1,1,1,1,1,1,,,,1,1,,,,,,,,,,,,,,50,200,10,,,4,1,2,2,,2,
310151106204001H03201,1,17.032.01h,2018,3,1,2,2,3,70,1,1,1,4,1,1,1,2,3,11,3,2010,7.8,400,2010,7.8,0,,,,,,,,,,,,,,,,,,,,,,,,,,,,,,,,1,1,1,1,1,1,1,1,,,,1,,,,,,,,,,,,,,,30,200,,,,4,1,2,2,,2,
310151106204001H03601,1,17.036.01h,2018,3,1,1,1,3,180,1,1,1,4,1,1,1,2,3,11,3,1999,10,200,1999,38,0,,,,,,,,,,,,,,,,,,,,,,,,,,,,,,1,1,1,1,1,2,1,1,1,,,,1,,1,,,,,,,,,,,,,,15,50,,,,4,1,2,2,,2,
310151106204001H05101,1,17.051.01h,2018,3,1,1,1,3,50,1,1,1,4,1,1,1,2,3,11,3,2014,20,400,2014,2,0,,,,,,,,,,,,,,,,,,,,,,,,,,,,,,,1,1,1,1,1,1,1,1,1,,,1,1,1,,,,,,,,,,,,,,30,,,,,4,1,2,2,,2,
310151106204001H05601,1,17.056.01h,2018,3,1,1,1,3,120,1,1,1,4,1,1,1,2,3,3,3,2016,20,500,2016,20,0,,,,,,,,,,,,,,,,,,,,,,,,,,,,,1,,,,1,,1,1,1,1,1,,,,1,1,1,,,,,,,,,,,,,10,,,,,4,1,2,2,,2,
310151106204001H05901,1,17.059.01h,2018,3,1,1,1,3,90,1,1,1,4,1,1,1,2,3,11,3,1996,10,200,1996,22,0,,,,,,,,,,,,,,,,,,,,,,,,,,,,,,,2,1,1,1,1,1,1,1,1,,,,1,2,1,,,,,,,,,,,,,10,60,,,,4,1,2,2,,2,
310151107207001H06201,1,18.062.01h,2018,3,1,1,2,3,220,1,1,1,4,1,1,1,2,3,11,3,1989,18,450,1989,18,0,,,,,,0,0,0,0,0,0,0,0,0,0,0,0,0,,,,0,0,0,0,0,0,0,0,0,1,1,2,1,2,2,3,2,0,,0,1,1,1,0,0,0,,0,0,0,,0,0,0,0,0,75,0,0,0,0,4,1,2,2,,2,
310151107207001H01501,1,18.015.01h,2018,3,1,1,2,3,180,1,1,1,4,1,1,1,2,3,11,3,1997,17,400,1997,17,0,,,,,,0,0,0,0,0,0,0,0,0,0,0,0,0,,,,0,0,0,0,0,0,0,0,1,0,1,1,1,1,1,1,1,0,,0,0,1,1,0,0,0,,0,0,0,,0,0,0,0,0,0,0,0,0,0,4,1,2,2,,2,
310151107207001H01601,1,18.016.01h,2018,3,1,1,2,3,180,1,1,1,4,1,1,1,2,3,11,3,1992,25,600,1992,25,0,,,,,,0,0,0,0,0,0,0,0,0,0,0,0,0,,,,0,0,0,0,0,0,0,0,0,2,1,1,1,2,2,1,1,0,,0,0,1,1,0,0,0,,0,0,0,,0,0,0,0,0,0,0,0,0,0,4,1,2,2,,2,
310151107207001H00301,1,18.003.01h,2018,3,1,1,2,3,204,1,1,1,4,1,1,1,2,2,7,3,1990,20,500,1990,20,0,,,,,,0,0,0,0,0,0,0,0,0,0,0,0,0,,,,0,0,0,0,0,0,0,0,0,2,1,1,1,2,2,1,1,0,,0,0,1,2,0,0,0,,0,0,0,,0,0,0,0,150,0,0,0,0,0,4,1,2,2,,2,
310151107207001H05401,1,18.054.01h,2018,3,1,1,2,3,180,1,1,1,4,1,1,1,4,3,7,3,2010,30,700,2010,30,0,,,,,,0,0,0,0,0,0,0,0,0,0,0,0,0,,,,0,0,0,0,0,0,0,1,1,3,1,1,1,3,3,6,1,0,,0,0,1,4,4,1,1,,0,0,0,,0,0,0,0,0,0,0,0,0,0,4,1,2,2,,2,
310151107207001H06501,1,18.065.01h,2018,3,1,1,2,3,200,1,1,1,4,1,1,1,2,3,7,3,1991,21.3,520,1991,21.3,0,,,,,,0,0,0,0,0,0,0,0,0,0,0,0,0,,,,0,0,0,0,0,0,0,0,1,0,1,1,1,2,1,2,1,1,,0,0,0,2,0,0,0,,0,0,0,,0,0,0,0,0,0,0,0,0,0,4,1,2,2,,2,
310151107207001H04401,1,18.044.01h,2018,3,1,1,2,3,220,1,1,1,4,1,1,1,4,3,3,3,1997,21.5,550,1997,21.5,0,,,,,,0,0,0,0,0,0,0,0,0,0,0,0,0,,,,0,0,0,0,0,,0,0,0,1,1,2,1,2,2,2,1,1,,0,0,0,2,0,0,0,,0,0,0,,0,0,0,0,0,0,0,0,0,0,4,1,2,2,,2,
310151107207001H03801,1,18.038.01h,2018,3,1,1,2,3,208,1,1,1,4,1,1,1,4,3,7,3,1991,15.9,400,1991,15.9,0,,,,,,0,0,0,0,0,0,0,0,0,0,0,0,0,,,,0,0,0,0,0,0,0,0,0,3,1,1,1,3,1,2,1,1,,0,0,2,1,1,1,0,,0,0,0,,0,0,0,0,20,10,0,0,0,0,4,1,2,2,,2,
310151107207001H06801,1,18.068.01h,2018,3,1,1,2,3,160,1,1,1,4,1,1,1,2,3,11,3,1980,21,480,1980,2,0,,,,,,0,0,0,0,0,0,0,0,0,0,0,0,0,,,,0,0,0,0,0,0,0,0,0,1,1,1,1,2,0,2,1,0,,0,0,1,1,0,0,0,,0,0,0,,0,0,0,0,0,0,0,0,0,0,4,1,2,2,,2,
310151107207001H00901,1,18.009.01h,2018,3,1,1,2,3,140,1,1,1,4,1,1,1,2,2,7,3,1985,18.9,450,1985,18.9,0,,,,,,0,0,0,0,0,0,0,0,0,0,0,0,0,,,,0,0,0,0,0,0,0,0,0,1,1,1,1,1,1,1,1,0,,0,0,1,2,0,0,0,,0,0,0,,0,0,0,0,0,0,0,0,0,0,4,1,2,2,,2,
310151108204001H01501,1,19.015.01h,2018,3,1,1,2,3,180,1,1,1,4,1,1,1,2,2,7,3,1995,20,200,1995,20,0,,,,,,0,0,0,0,0,0,0,0,0,0,0,0,0,,,,0,0,0,0,0,0,0,,,1,1,1,1,2,2,1,,,,,,1,2,,,,,,,,,,,,,,,,,,,4,2,2,2,,2,
310151108204001H03201,1,19.032.01h,2018,3,1,1,2,3,180,1,1,1,4,1,1,1,2,2,7,3,2012,25,200,2012,7,0,,,,,,0,0,0,0,0,0,0,0,0,0,0,0,0,,,,0,0,0,0,0,0,0,,,1,,1,1,1,1,1,1,,,,,1,1,,,,,,,,,,,,,,,,,,,4,1,2,2,,2,
310151108204001H02801,1,19.028.01h,2018,3,1,1,2,3,180,1,1,1,4,1,1,1,2,2,7,3,2012,20,200,2012,20,0,,,,,,0,0,0,0,0,0,0,0,0,0,0,0,0,,,,0,0,0,0,0,0,0,,,1,1,1,1,1,1,1,1,,,,1,,1,,,,,,,,,,,,,,,,,,,4,1,2,2,,2,
310151108204001H03601,1,19.036.01h,2018,3,1,1,2,3,180,1,1,1,4,1,1,2,2,2,7,3,2006,25,200,2006,25,0,,,,,,0,0,0,0,0,0,0,0,0,0,0,0,0,,,,0,0,0,0,0,0,0,,,2,,1,1,3,3,1,1,1,,,1,1,1,1,,,,,,,,,,,,,,,,,,4,1,2,2,,2,
310151108204001H04501,1,19.045.01h,2018,3,1,1,2,3,180,1,1,1,4,1,1,1,2,2,7,3,1990,10,200,1990,9,0,,,,,,0,0,0,0,0,0,0,0,0,0,0,0,0,,,,0,0,0,0,0,0,0,,,,,1,1,2,2,2,1,,,,,,3,,1,,,,,,,,,,,,,,,,,4,1,2,2,,2,
310151108204001H06801,1,19.068.01h,2018,3,1,1,2,3,160,1,1,1,4,1,1,1,2,2,7,3,1995,30,200,1995,30,0,,,,,,0,0,0,0,0,0,0,0,0,0,0,0,0,,,,0,0,0,0,0,0,0,,,1,1,1,1,3,3,2,1,,,,,,2,2,,,,,,,,,,,,,,,,,,4,1,2,2,,2,
310151108204001H06701,1,19.067.01h,2018,3,1,1,2,3,200,1,1,1,4,1,1,1,2,2,7,3,2000,25,200,2000,25,0,,,,,,0,0,0,0,0,0,0,0,0,0,0,0,0,,,,0,0,0,0,0,0,0,,,3,1,1,1,3,3,2,1,,,,1,1,2,,,,,,,,,,,,,,,,,,,4,1,2,2,,2,
310151108204001H06201,1,19.062.01h,2018,3,1,1,2,3,240,1,1,1,4,1,1,1,2,2,7,3,2002,25,200,2002,25,0,,,,,,0,0,0,0,0,0,0,0,0,0,0,0,0,,,,0,0,0,0,0,0,0,1,,1,1,2,1,4,4,5,1,,,,1,1,2,2,1,1,,1,,5,,,,,,,,,,,,4,1,2,2,,2,
310151108204001H06001,1,19.060.01h,2018,3,1,1,2,3,160,1,1,1,4,1,1,1,2,2,7,3,1997,15,200,1997,10,0,,,,,,0,0,0,0,0,0,0,0,0,0,0,0,0,,,,0,0,0,0,0,0,0,,,1,1,1,1,2,2,2,1,1,,,1,,2,,,,,,,,,,,,,200,5,,,,,4,1,2,2,,2,
310151108204001H03101,1,19.031.01h,2018,3,1,1,2,3,180,1,1,1,4,1,1,1,2,2,7,3,2007,25,200,2007,25,0,,,,,,0,0,0,0,0,0,0,0,0,0,0,0,0,,,,0,0,0,0,0,0,0,,,2,1,1,1,3,3,1,1,1,,,,,1,,,,,,,,,,,,,,,,,,,4,1,2,2,,2,
310151108204001H07801,1,19.078.01h,2018,3,1,2,3,3,80,1,1,1,4,1,1,1,2,2,7,3,1995,5,200,1995,4,0,,,,,,0,0,0,0,0,0,0,0,0,0,0,0,0,,,,0,0,0,0,0,0,0,,,2,,2,1,1,1,,,,,,,1,1,,,,,,,,,,,,,,,,,,,4,1,2,2,,2,
310151108218001H06501,1,20.065.01h,2018,3,1,1,2,3,200,1,1,1,4,1,1,1,2,2,7,3,1997,18,200,1997,16,0,,,,,,0,0,0,0,0,0,0,0,0,0,0,0,0,,,,0,0,0,0,0,0,0,,,2,1,2,1,2,2,2,1,,,,1,1,2,1,,,,,,,,,1,,,,,,,,,4,1,2,2,,2,
310151108218001H03801,1,20.038.01h,2018,3,1,1,2,3,120,1,1,1,4,1,1,1,2,2,7,3,1993,20,200,1993,18,0,,,,,,0,0,0,0,0,0,0,0,0,0,0,0,0,,,,0,0,0,0,0,0,0,1,,1,1,1,1,2,2,3,2,1,,,1,1,3,3,1,1,,,,,,,,,,,,,,,,4,1,2,2,,2,
310151108218001H07701,1,20.077.01h,2018,3,1,1,1,3,120,1,1,1,4,1,1,1,2,2,7,3,1999,30,200,1999,30,0,,,,,,50,20,300,0,0,0,0,0,0,0,0,0,0,,,,0,0,0,0,0,0,0,1,1,,1,1,1,3,3,3,1,,,1,1,1,2,2,3,3,,2,,,,,,,,,,,,,,4,1,2,2,,2,
310151108218001H01101,1,20.011.01h,2018,3,1,1,1,3,180,1,1,1,4,1,1,1,2,2,7,3,1997,15,200,1997,10,0,,,,,,0,0,0,0,0,0,0,0,0,0,0,0,0,,,,0,0,0,0,0,0,0,,,1,1,1,1,1,1,1,1,,,,,1,2,,,,,,,,,,,,,,,,,,,4,1,1,2,,2,
310151108218001H02501,1,20.025.01h,2018,3,1,1,2,3,180,1,1,1,4,1,1,1,2,2,7,3,1997,15,200,1997,13,0,,,,,,0,0,0,0,0,0,0,0,0,0,0,0,0,,,,0,0,0,0,0,0,0,,,2,,1,1,2,2,1,,,,,1,,2,,,,,,,,,,,,,,,,,,,4,1,2,2,,2,
310151108218001H07801,1,20.078.01h,2018,3,1,1,2,3,180,1,1,1,4,1,1,1,2,2,7,3,1995,20,200,1995,10,0,,,,,,0,0,0,0,0,0,0,0,0,0,0,0,0,,,,0,0,0,0,0,0,0,,,2,1,1,1,2,2,1,1,1,,1,1,1,2,,,,,,,,,,,,,,,,,,,4,1,2,2,,2,
310151108218001H00301,1,20.003.01h,2018,3,1,1,2,3,180,1,1,1,4,1,1,1,2,2,7,3,1995,10,200,1995,7,,,,,,,0,0,0,0,0,0,0,0,0,0,0,0,0,,,,0,0,0,0,0,0,0,,,2,1,2,2,3,3,1,1,0,,,1,,2,2,,,,,,,,,,,,,,,,,,4,1,2,2,,2,
310151108218001H05601,1,20.056.01h,2018,3,1,1,2,3,240,1,1,1,4,1,1,1,2,2,7,3,1989,15,200,1989,9,0,,,,,,0,0,0,0,0,0,0,0,0,0,0,0,0,,,,0,0,0,0,0,0,0,,,1,1,1,1,2,2,1,1,1,,,1,1,1,,,,,,,,,,,,,,,,,,,4,1,2,2,,2,
310151108218001H07201,1,20.072.01h,2018,3,1,1,2,3,240,1,1,1,4,1,1,1,2,2,7,3,2001,25,200,2001,10,0,,,,,,0,0,0,0,0,0,0,0,0,0,0,0,0,,,,0,0,0,0,0,0,0,,,2,1,1,1,2,2,1,1,,,,,1,1,,,,,,,,,,,,,,,,,,,4,1,2,2,,2,
310151108218001H06301,1,20.063.01h,2018,3,1,2,3,3,40,1,1,1,4,1,1,1,2,2,7,3,1982,1.5,200,1982,0.8,0,,,,,,0,0,0,0,0,0,0,0,0,0,0,0,0,,,,0,0,0,0,0,0,0,,,1,1,1,,1,1,1,1,1,,,,1,1,,,,,,,,,,,,,120,5,,,,,4,1,2,2,,2,
310151108218001H00101,1,20.001.01h,2018,3,1,1,2,3,90,1,1,1,4,1,1,1,2,2,7,3,1990,6,200,1990,10,0,,,,,,0,0,0,0,0,0,0,0,0,0,0,0,0,,,,0,0,0,0,0,0,0,,,2,1,1,,3,3,1,1,1,,,,1,2,1,,,,,,,,,,,,,,,,,,4,1,2,2,,2,
310151109201001H02601,1,21.026.01h,2018,3,1,1,2,3,180,1,1,1,4,1,1,1,2,3,7,3,1995,30,200,1995,15,0,,,,,,0,0,0,0,0,0,0,0,0,0,0,0,0,,,,0,0,0,0,0,0,0,0,0,0,1,1,1,3,2,2,1,1,,0,0,2,1,0,0,0,,0,0,0,,0,0,0,0,100,0,0,0,0,0,4,1,2,2,,2,
310151109201001H07301,1,21.073.01h,2018,3,1,1,2,3,180,1,1,1,4,1,1,1,2,3,7,1,2002,40,200,2002,40,0,,,,,,0,0,0,0,0,0,0,0,0,0,0,0,0,,,,0,0,0,0,0,0,0,0,0,1,1,1,1,1,1,1,1,0,,0,1,1,1,0,0,0,,0,0,0,,0,0,0,0,100,0,0,0,0,0,4,1,2,2,,2,
310151109201001H01901,1,21.019.01h,2018,3,1,2,2,3,90,1,1,1,4,1,1,1,2,3,7,3,1997,16,200,1997,8,0,,,,,,0,0,0,0,0,0,0,0,0,0,0,0,0,,,,0,0,0,0,0,0,0,0,0,1,1,1,1,1,1,0,1,1,,0,0,1,1,0,0,0,,0,0,0,,0,0,0,0,200,0,0,0,0,0,4,1,2,2,,2,
310151109201001H01501,1,21.015.01h,2018,3,1,1,2,3,180,1,1,1,4,1,1,1,2,3,7,3,2010,50,200,2010,50,0,,,,,,0,0,0,0,0,0,,0,0,0,0,0,0,,,,0,0,0,0,0,0,0,0,0,1,1,1,1,1,1,1,1,1,,0,1,1,2,0,0,0,,0,0,0,,0,0,0,0,0,30,0,0,0,0,4,1,2,2,,2,
310151109201001H01001,1,21.010.01h,2018,3,1,1,2,3,180,1,1,1,4,1,1,1,2,2,7,3,1995,50,200,1995,20,0,,,,,,0,0,0,0,0,0,0,0,0,0,0,0,0,,,,0,0,0,0,0,,0,0,0,2,1,1,1,1,1,2,1,0,,0,0,1,2,0,0,0,,0,0,0,,0,1,0,0,150,0,0,0,0,0,4,1,2,2,,2,
310151109201001H06901,1,21.069.01h,2018,3,1,1,2,3,180,1,1,1,4,1,1,1,2,2,7,3,2007,50,200,2007,50,0,,,,,,0,0,0,0,0,0,0,0,0,0,0,0,0,,,,0,0,0,0,0,0,0,1,0,2,1,1,1,1,1,2,2,1,,0,1,1,3,3,1,1,,0,0,0,,0,0,0,0,250,0,0,0,0,0,4,1,2,2,,2,
310151109201001H06301,1,21.063.01h,2018,3,1,1,2,3,180,1,1,1,4,1,1,1,2,2,7,3,2016,80,500,2016,80,0,,,,,,0,0,0,0,0,0,0,0,0,0,0,0,0,,,,0,0,0,0,0,0,0,1,0,2,1,1,1,2,2,1,1,0,,0,1,1,2,2,0,0,,1,0,0,,0,0,0,0,0,30,0,0,0,0,4,1,2,2,,2,
310151109201001H04601,1,21.046.01h,2018,3,1,01,2,3,180,1,1,1,4,1,1,1,2,3,7,3,1995,50,200,1995,35,0,,,,,,0,0,0,0,0,0,0,0,0,0,0,0,0,,,,0,0,0,0,0,0,0,0,0,2,1,1,1,2,0,1,1,0,,0,0,0,2,0,0,0,,0,0,0,,0,0,0,0,50,0,0,0,0,0,4,1,2,2,,2,
310151109201001H07601,1,21.076.01h,2018,3,1,1,2,3,180,1,1,1,4,1,1,1,2,3,7,3,2005,40,200,2005,30,0,,,,,,0,0,0,0,0,0,0,0,0,0,0,0,0,,,,0,0,0,0,0,0,0,0,0,2,1,1,1,1,1,2,1,1,,0,1,1,2,0,0,0,,0,0,0,,0,0,0,0,0,30,0,0,0,0,4,1,2,2,,2,
310151109201001H04701,1,21.047.01h,2018,3,1,1,2,3,180,1,1,1,4,1,1,1,2,3,7,3,1997,50,200,1997,35,0,,,,,,0,0,0,0,0,0,0,0,0,0,0,0,0,,,,0,0,0,0,0,0,0,0,0,2,1,1,1,3,3,2,1,0,,0,0,1,2,0,1,1,,0,0,0,,0,0,0,0,100,0,0,0,0,0,4,1,2,2,,2,
310151110206001H06601,1,22.066.01h,2018,3,1,1,2,3,120,1,1,1,4,1,1,1,2,2,7,3,2010,25,300,2010,10,0,,,,,,,,,,,,,,,,,,,,,,,,,,,,,,,1,1,1,1,2,2,2,1,1,,,1,1,3,2,1,1,,,,,,,,,1,,5,,,0.5,,4,1,2,2,,2,
310151110206001H05801,1,22.058.01h,2018,3,1,1,2,3,120,1,1,1,4,1,1,1,2,2,7,3,1998,12,200,1998,5,0,,,,,,,,,,,,100,450,,,77.51,273,80,0.4,36,20,,,,,,,,,,1,1,1,1,4,4,4,2,,,,2,1,3,3,1,1,,1,,1,,,,,0.25,,5,,,1,,4,1,2,2,,2,
310151110206001H04001,1,22.040.01h,2018,3,1,1,2,3,190,1,1,1,4,1,1,1,2,2,7,3,1993,20,200,1993,6,0,,,,,,,,,,,,100,350,,,,,,,,,,,,,,,,,,1,2,2,2,2,2,2,2,,,,2,0,3,3,1,1,,,,,,,,,0.5,,5,,,,,4,1,2,2,,2,
310151110206001H03201,1,22.032.01h,2018,3,1,1,2,3,180,1,1,1,4,1,1,1,2,2,7,1,1988,20,233,1988,5,0,,,,,,30,1,233,,,,,,,,,,,,,,,,,,,,,,,1,1,1,1,1,1,1,1,1,,,1,1,2,2,,,,1,,,,,,,,,25,,,,,4,1,2,2,,2,
310151110206001H05901,1,22.059.01h,2018,3,1,1,2,3,220,1,1,1,4,1,1,1,2,2,7,3,2013,40,200,2013,35,0,,,,,,,,,,,,,,,,,,,,,,,,,,,,,,,1,1,1,1,2,2,3,1,,,,1,,2,2,,,,,,,,,,,,,4,0.25,,1.5,,4,1,2,2,,2,
310151110206001H02301,1,22.023.01h,2018,3,1,1,2,3,180,1,1,1,4,1,1,1,2,2,7,3,2010,50,300,2010,30,0,,,,,,170,18,800,,,,,,,,,,,,,,,,,,,,,,,1,1,1,1,1,1,1,1,1,,,1,,1,1,,,,,,,,,,,5,,3,100,,25,,4,1,2,2,,2,
310151110206001H02501,1,22.025.01h,2018,3,1,1,2,3,240,1,1,1,4,1,1,1,2,2,7,3,1995,30,600,1995,10,0,,,,,,80,5,600,,,,,,,,,,,,,,,,,,,,,,,1,1,1,1,1,1,1,1,1,,,1,1,1,1,,,,,1,,,,,,,,25,,,2.5,,4,1,2,2,,2,
310151110206001H05701,1,22.057.01h,2018,3,1,1,2,3,180,1,1,1,4,1,1,1,2,2,7,3,1995,20,200,1995,6,0,,,,,,,,,,,,,,,,,,,,,,,,,,,,,1,,2,1,1,1,2,2,2,1,,,,1,1,3,3,1,1,,,,,,,,30,,,5,,,,,4,1,2,2,,2,
310151110206001H03301,1,22.033.01h,2018,3,1,1,2,3,180,1,1,1,4,1,1,1,2,2,7,3,1995,16,200,1995,6,0,,,,,,,,,,,,,,,,,,,,,,,,,,,,,,,1,1,1,1,1,1,,1,,,,,,2,1,,,,,,,,,,,,,8,,,,,4,1,2,2,,2,
310151110206001H02801,1,22.028.01h,2018,3,1,1,2,3,100,1,1,1,4,1,1,1,2,2,7,3,2011,20,300,2011,15,0,,,,,,,,,,,,80,160,,,,,,,,,,,,,,,,1,,,1,1,1,2,2,2,2,1,,,2,1,2,2,1,1,,,,,,1,1,,,,2.5,,,,,4,1,2,2,,2,
310151110208001H06201,1,23.062.01h,2018,3,1,1,2,3,180,1,1,1,4,1,1,1,2,2,7,3,1994,37,200,1994,7,0,,,,,,,,,,,,,,,,,,,,,,,,,,,,,,,2,,1,1,2,2,2,1,,,,,,2,1,,,,,,,,,,,,,5,300,,,,4,1,2,2,,2,
310151110208001H05501,1,23.055.01h,2018,3,1,1,2,3,135,1,1,1,4,1,1,1,2,2,7,3,1973,26,200,1973,5,0,,,,,,,,,,,,,,,,,,,,,,,,,,,,,,,1,,1,1,1,1,1,1,,,,,1,1,,,,,,,,,,,,2.5,,25,50,1,5,,4,3,2,2,,2,
310151110208001H00701,1,23.007.01h,2018,3,1,1,2,3,300,1,1,1,4,1,1,1,2,2,7,3,1990,60,200,1990,20,0,,,,,,,,,,,,,,60,6,,,,,,,,,,,,,,,,2,1,1,1,2,2,3,2,1,,,1,1,2,2,,,,1,,,,,,,,,5,80,,,,4,1,2,2,,2,
310151110208001H03501,1,23.035.01h,2018,3,1,1,2,3,250,1,1,1,4,1,1,1,2,2,7,3,1991,20,416,1991,5,0,,,,,,90,3.6,416,,,,,,,,,,,,,,,,,,,,,,,2,1,2,1,2,2,4,2,1,,,1,,2,2,,,,,,,,,1,,,,10,,,,,4,1,2,2,,2,
310151110208001H04401,1,23.044.01h,2018,3,1,1,2,3,260,1,1,1,4,1,1,1,2,2,7,3,1988,70,200,1988,12,0,,,,,,,,,,,,,,89.6,180,,,,,,,,,,,,,,,,1,1,1,1,1,1,1,1,1,,,1,1,3,3,1,1,,,,,,,,,,,,,,,,4,1,2,2,,2,
310151110208001H03601,1,23.036.01h,2018,3,1,1,2,3,220,1,1,1,4,1,1,1,2,2,7,3,1991,62,200,1991,40,0,,,,,,100,250,11000,,,,,,,,,,,,,,,,,,,,,1,,,1,1,1,2,2,2,1,,,,1,1,3,3,1,1,,,,,,,,,,,,,,,,4,1,2,2,,2,
310151110208001H01501,1,23.015.01h,2018,3,1,1,2,3,250,1,1,1,4,1,1,1,2,2,7,3,1989,56,200,1989,11,0,,,,,,,,,,,,,,,,,,,,,,,,,,,,,1,,1,1,1,1,2,2,2,1,,,,1,1,3,3,1,1,,1,,,,,,,,,,,,,,4,1,2,2,,2,
310151110208001H06001,1,23.060.01h,2018,3,1,1,2,3,180,1,1,1,4,1,1,1,2,2,7,3,2004,70,200,2004,20,0,,,,,,,,,,,,,,,,,,,,,,,,,,,,,,,2,1,1,1,2,2,2,1,,,,1,1,2,2,1,,,,,,,,,,,,5,,,,,4,1,2,2,,2,
310151110208001H03201,1,23.032.01h,2018,3,1,1,2,3,300,1,1,1,4,1,1,1,2,2,7,3,1989,54,200,1989,6,0,,,,,,,,,,,,,,,,,,,,,,,,,,,,,,,2,1,1,1,2,2,2,1,,,,1,1,2,,,,,,,,,,,,,,5,,,,,4,1,2,2,,2,
310151110208001H06401,1,23.064.01h,2018,3,1,1,2,3,300,1,1,1,4,1,1,1,2,2,7,3,1993,50,200,1993,12,0,,,,,,,,,,,,,,50,5,,,,,,,,,,,,,,,,2,1,1,1,1,1,2,1,1,,,1,1,2,1,,,,,,,,,,,,,2,250,,,,4,1,2,2,,2,
310151110208001H02301,1,23.023.01h,2018,3,1,1,2,3,180,1,1,1,4,1,1,1,2,2,7,3,1988,43,200,1988,6,0,,,,,,,,,,,,,,,,,,,,,,,,,,,,,,,2,2,2,1,2,2,3,1,,,,1,1,2,2,1,1,,,,1,,,,,,,3,,,,,4,2,2,2,,2,
310151111204001H04101,1,24.041.01h,2018,3,1,1,2,3,300,1,1,1,4,1,1,1,2,2,7,3,2013,160,200,2013,60,0,,,,,,,,,,,,,,,,,,,,,,,,,,,,,,,1,1,2,1,3,3,4,2,,,,1,1,2,,,,,,,,,,,,,,20,40,,,,4,1,2,2,,2,
310151111204001H04401,1,24.044.01h,2018,3,1,1,2,3,160,1,1,1,4,1,1,1,2,2,7,3,1992,40,200,1992,8,0,,,,,,,,,,,,,,,,,,,,,,,,,,,,,1,,1,1,1,1,2,2,1,1,,,,,1,2,2,,,,,,,,,,200,,1000,100,100,,,,4,1,2,2,,2,
310151111204001H00301,1,24.003.01h,2018,3,1,2,2,3,40,2,1,1,4,1,1,1,2,2,7,1,1990,10,200,1990,2,0,,,,,,0,0,0,0,0,0,0,0,0,0,,,,,,,,,,,,,,,,1,,1,1,1,1,1,1,,,,,,1,,,,,,,,,,,100,,100,30,50,,,,4,2,2,2,,2,
310151111204001H03901,1,24.039.01h,2018,3,1,1,1,3,180,1,1,1,4,1,1,1,2,2,7,3,2006,48,200,2006,15,0,,,,,,,,,,,,,,,,,,,,,,,,,,,,,,,2,1,1,1,2,2,2,1,,,,1,1,2,,,,,,,,,,,100,,200,20,40,,,,4,1,2,2,,2,
310151111204001H01101,1,24.011.01h,2018,3,1,1,2,3,240,1,1,1,4,1,1,1,2,2,7,1,1990,40,200,1990,8,0,,,,,,,,,,,,,,,,,,,,,,,,,,,,,,,1,1,1,1,1,1,1,1,,,,,1,2,,,,,,,,,,,100,,100,20,100,,,,4,1,2,2,,2,
310151111204001H02801,1,24.028.01h,2018,3,1,1,2,3,180,1,1,1,4,1,1,1,2,2,7,1,1990,50,200,1990,8,0,,,,,,,,,,,,,,,,,,,,,,,,,,,,,,,2,,1,1,1,1,1,1,,,,,1,1,,,,,,,,,,,100,,100,20,100,,,,4,1,2,2,,2,
310151111204001H03601,1,24.036.01h,2018,3,1,1,2,3,320,1,1,1,4,1,1,1,2,2,7,3,1983,40,200,1983,6,0,,,,,,,,,,,,,,,,,,,,,,,,,,,,,,,2,1,1,1,2,2,3,1,,,,1,1,2,,,,,,,,,,1,200,,100,25,40,,,,4,1,2,2,,2,
310151111204001H02101,1,24.021.01h,2018,3,1,1,2,3,150,1,1,1,4,1,1,1,2,2,7,3,1990,40,200,1990,8,0,,,,,,,,,,,,,,,,,,,,,,,,,,,,,1,,2,1,1,1,1,1,2,1,,,,1,1,2,2,,,,,,,,,,100,,100,40,,,,,4,1,2,2,,2,
310151111204001H03201,1,24.032.01h,2018,3,1,1,2,3,238,1,1,1,4,1,1,1,2,2,7,1,1996,50,200,1996,10,0,,,,,,,,,,,,,,,,,,,,,,,,,,,,,,,2,1,1,1,1,1,1,1,,,,,,2,,,,,,,,,,,100,,200,20,40,,,,4,1,2,2,,2,
310151111204001H03701,1,24.037.01h,2018,3,1,2,3,3,141,1,1,1,4,1,1,1,2,3,11,1,1984,15,200,1984,4,0,,,,,,,,,,,,,,,,,,,,,,,,,,,,,,,1,1,1,1,1,1,,1,,,,,,1,,,,,,,,,,,,,100,20,40,,,,4,1,2,2,,2,
310151112212001H02301,1,25.023.01h,2018,3,1,5,1,7,75,1,1,1,4,1,1,1,4,3,11,7,2003,150,1000,2003,0,0,,,,,,,,,,,,,,,,,,,,,,,,,,,,,,,1,1,1,1,1,1,,,,,,,1,1,,,,,,,,,,,,,,5,,,,,4,1,2,2,,2,
310151112212001H08001,1,25.080.01h,2018,3,1,4,1,7,121,1,1,1,4,1,1,1,2,2,7,6,2003,242,1000,2003,0,0,,,,,,,,,,,,,,,,,,,,,,,,,,,,,,,,1,1,1,2,2,3,1,,,,1,,2,2,1,1,,,,,,,1,,,,6,,,,,4,1,2,2,,2,
310151112212001H01201,1,25.012.01h,2018,3,1,4,1,7,119,1,1,1,4,1,1,1,2,2,7,6,2003,238,1000,2003,0,0,,,,,,,,,,,,,,,,,,,,,,,,,,,,,,,1,1,1,1,3,3,4,2,,,,1,1,1,,,,,,,,,,,,,,3,,,,,4,1,2,2,,2,
310151112212001H01601,1,25.016.01h,2018,3,1,5,1,7,99,1,1,1,4,1,1,1,2,2,7,6,2003,198,1000,2003,0,,,,,,,,,,,,,,,,,,,,,,,,,,,,,,,,2,1,1,1,3,3,2,1,,,,1,,2,2,,,,,,,,,,,,,10,,,,,4,1,2,2,,2,
310151112212001H00601,1,25.006.01h,2018,3,1,5,1,7,87,1,1,1,4,1,1,1,2,3,11,6,2003,174,1000,2003,0,0,,,,,,,,,,,,,,,,,,,,,,,,,,,,,,,1,1,1,1,1,1,,1,,,,1,1,1,,,,,,,,,,,,,,3,,,,,4,1,2,2,,2,
310151112212001H06801,1,25.068.01h,2018,3,1,5,1,4,88,1,1,1,4,1,1,1,2,2,7,6,2003,176,1000,2013,72,0,,,,,,60,360,2300,,,,,,,,,,,,,,,,,,,,,1,,1,2,1,1,3,3,3,1,,,,1,,2,2,4,4,,1,,,,,1,,,,2,,,,,4,1,2,2,,2,
310151112212001H00801,1,25.008.01h,2018,3,1,4,1,7,121,1,1,1,4,1,1,1,2,2,7,6,2003,242,1000,2003,0,0,,,,,,,,,,,,,,,,,,,,,,,,,,,,,,,,1,1,1,2,2,1,1,,,,1,1,,,,,,,,,,,,,,,5,,,,,4,1,2,2,,2,
310151112212001H00401,1,25.004.01h,2018,3,1,5,1,7,91,1,1,1,4,1,1,1,2,2,7,6,2003,182,1000,2003,0,0,,,,,,,,,,,,,,,,,,,,,,,,,,,,,,,1,1,1,1,2,2,1,1,,,,1,,2,,,,,,,,,,,,,,3,,,,,4,1,2,2,,2,
310151112212001H07101,1,25.071.01h,2018,3,1,4,1,7,117,1,1,1,4,1,1,1,2,2,7,6,2003,234,1000,2003,18,0,,,,,,,,,,,,,,,,,,,,,,,,,,,,,,,1,1,1,1,2,2,1,1,,,,1,1,2,2,,,,,,,,,1,,,,5,,,,,4,1,2,2,,2,
310151112212001H04501,1,25.045.01h,2018,3,1,5,1,4,83,1,1,1,4,1,1,1,2,2,7,6,2003,166,1000,2010,56,0,,,,,,,,,,,,,,,,,,,,,,,,,,,,,,,,1,1,1,1,1,2,1,,,,1,,1,,,,,,,,,,,,,,10,,,,,4,1,2,2,,2,
310151112212001H03601,1,25.036.01h,2018,3,1,4,1,4,102,1,1,1,4,1,1,1,2,2,7,6,2003,204,1000,2013,95,0,,,,,,,,,,,,,,,,,,,,,,,,,,,,,2,,1,2,1,1,3,3,3,1,,,,1,,2,2,1,1,,,,,,1,1,,,,2,,,,,4,1,2,2,,2,
310151113201001H07101,1,26.071.01h,2018,3,1,1,2,3,200,1,1,1,4,1,1,1,2,2,3,3,1993,10,200,1993,30,0,,,,,,,,,,,,,,,,,,,,,,,,,,,,,,,1,,1,,1,1,1,1,,,,,1,,,,,,,,,,,,,,,,,,,,4,2,2,2,,2,
310151113201001H05901,1,26.059.01h,2018,3,1,1,2,3,260,1,1,1,4,1,1,1,2,2,7,3,2001,22.7,200,2001,45,0,,,,,,,,,,,,,,,,,,,,,,,,,,,,,,,1,1,1,1,2,2,2,1,,,,1,1,2,,,,,,,,,,,,,,,,,,,4,1,2,2,,2,
310151113201001H03301,1,26.033.01h,2018,3,1,1,2,3,110,1,1,1,4,1,1,1,2,2,7,1,1994,6.9,200,1994,30,0,,,,,,,,,,,,,,,,,,,,,,,,,,,,,,,1,1,1,1,1,1,3,1,,,,,1,2,2,,,,,,,,,,,,,,,,,,4,1,2,2,,2,
310151113201001H02501,1,26.025.01h,2018,3,1,1,2,3,120,1,1,1,4,1,1,1,2,2,3,3,1991,1.1,2000,1991,25,0,,,,,,,,,,,,,,,,,,,,,,,,,,,,,,,,,,,1,1,1,1,,,,,1,,,,,,,,,,,,,,,,,,,,4,1,2,2,,2,
310151113201001H07201,1,26.072.01h,2018,3,1,1,2,3,280,1,1,1,4,1,1,1,2,2,7,3,1998,4.3,200,1998,25,0,,,,,,,,,,,,,,,,,,,,,,,,,,,,,,,1,1,1,1,2,2,1,1,1,,,,1,1,,,,,,,,,,,,,,,,,,,4,1,2,2,,2,
310151113201001H06701,1,26.067.01h,2018,3,1,1,2,3,240,1,1,1,4,1,1,1,2,2,3,3,1992,6.5,200,1992,30,0,,,,,,,,,,,,,,,,,,,,,,,,,,,,,1,1,1,1,1,1,3,3,2,1,1,,,1,1,3,3,1,1,,,,,,,,,,,,,,,,4,1,2,2,,2,
310151113201001H01102,1,26.011.02h,2018,3,1,1,2,3,210,1,1,1,4,1,1,1,2,2,7,3,1991,1.9,200,1991,30,0,,,,,,,,,,,,,,,,,,,,,,,,,,,,,,,2,1,1,1,1,1,1,1,,,,1,,3,3,1,1,,,,,,,,,,,,,,,,4,1,2,2,,2,
310151113201001H01601,1,26.016.01h,2018,3,1,1,2,3,180,1,1,1,4,1,1,1,2,2,3,3,2008,34,200,2008,50,0,,,,,,,,,,,,,,,,,,,,,,,,,,,,,,,3,1,1,1,2,2,1,2,1,,,,,3,3,,,,,,,,,,,,,,,,,,4,1,2,2,,2,
310151113201001H06501,1,26.065.01h,2018,3,1,1,2,3,200,1,1,1,4,1,1,1,2,2,7,3,1987,3.6,200,1987,25,0,,,,,,,,,,,,,,,,,,,,,,,,,,,,,,,1,1,1,1,2,2,2,1,1,,,1,1,1,1,,,,,,,,,,,,,,,,,,4,1,2,2,,2,
310151113201001H01001,1,26.010.01h,2018,3,1,1,2,3,120,1,1,1,4,1,1,1,4,3,3,3,2004,9.2,200,2004,30,0,,,,,,,,,,,,,,,,,,,,,,,,,,,,,,,,,,,,,,,,,,,,,,,,,,,,,,,,,,,,,,,4,1,2,2,,2,
310151113209001H06501,1,27.065.01h,2018,3,1,1,2,3,360,1,1,1,4,1,1,1,2,2,7,3,1997,27,200,1997,35,0,,,,,,,,,,,,,,,,,,,,,,,,,,,,,,,2,1,1,1,2,2,1,1,,,,,1,2,,,,,,,,,,,,,,,,,,,4,1,2,2,,2,
310151113209001H04101,1,27.041.01h,2018,3,1,1,2,3,200,1,1,1,4,1,1,1,2,2,7,3,1986,30,200,1986,45,0,,,,,,,,,,,,,,,,,,,,,,,,,,,,,,,2,1,1,1,3,3,2,1,1,,,,1,2,,,,,,,,,,,,,,,,,,,4,1,2,2,,2,
310151113209001H07401,1,27.074.01h,2018,3,1,1,2,3,280,1,1,1,4,1,1,1,2,2,7,3,1992,20,200,1992,35,0,,,,,,,,,,,,,,,,,,,,,,,,,,,,,,,,1,1,1,1,1,,1,,,,,1,1,,,,,,,,,,,,,,,,,,,4,1,2,2,,2,
310151113209001H06701,1,27.067.01h,2018,3,1,1,2,3,210,1,1,1,4,1,1,1,2,2,7,3,1982,28,200,1982,35,0,,,,,,,,,,,,,,,,,,,,,,,,,,,,,,,2,,1,1,1,1,1,1,,,,,,2,,,,,,,,,,,,,,,,,,,4,1,2,2,,2,
310151113209001H02601,1,27.026.01h,2018,3,1,1,2,3,192,1,1,1,4,1,1,1,2,2,7,3,2014,36,200,2014,50,0,,,,,,70,200,3000,,,,,,,,,,,,,,,,,,,,,,,3,2,2,2,3,3,5,1,1,,,2,1,2,,,,,,,,,,,,,,,,,,,4,1,2,2,,2,
310151113209001H03601,1,27.036.01h,2018,3,1,1,2,3,190,1,1,1,4,1,1,1,2,2,7,3,1997,20,200,1997,45,0,,,,,,,,,,,,,,,,,,,,,,,,,,,,,,,2,1,1,1,1,1,1,1,,,,,1,2,1,,,,,,,,,,,,,,,,,,4,1,2,2,,2,
310151113209001H03701,1,27.037.01h,2018,3,1,1,2,3,180,1,1,1,4,1,1,1,2,2,7,3,1998,26,200,1998,50,0,,,,,,,,,,,,,,,,,,,,,,,,,,,,,,,2,1,1,1,1,1,1,1,,,,1,1,2,1,,,,,,,,,,,,,,,,,,4,1,2,2,,2,
310151113209001H05701,1,27.057.01h,2018,3,1,1,2,3,256,1,1,1,4,1,1,1,2,2,7,3,1990,30,200,1990,50,0,,,,,,,,,,,,,,,,,,,,,,,,,,,,,,,2,1,1,1,1,1,1,1,,,,,1,2,1,,,,,,,,,,,,,,,,,,4,1,2,2,,2,
310151113209001H08001,1,27.080.01h,2018,3,1,1,2,3,200,1,1,1,4,1,1,1,2,2,7,3,1991,14,200,1991,30,0,,,,,,,,,,,,,,,,,,,,,,,,,,,,,,,2,1,1,1,3,3,1,1,,,,,1,2,,,,,,,,,,,,,,,,,,,4,1,2,2,,2,
310151113209001H05101,1,27.051.01h,2018,3,1,1,2,3,340,1,1,1,4,1,1,1,2,2,7,3,1989,40,200,1989,50,0,,,,,,,,,,,,,,,,,,,,,,,,,,,,,,,2,1,1,1,1,1,1,1,,,,1,,2,,,,,,,,,,,,,,,,,,,4,1,2,2,,2,
310151114003001H00401,1,28.004.01h,2018,3,1,5,1,9,41,1,1,1,4,1,1,1,2,2,7,3,,,,,,,,,,,,,,,,,,,,,,,,,,,,,,,,,,,,,1,1,1,1,2,2,1,1,0,,,1,,2,,,,,,,,,,,,,,,,,,,4,1,2,2,,2,
310151114003001H04601,1,28.046.01h,2018,3,1,5,2,1,55,1,1,1,4,1,1,1,2,2,7,3,,,,,,,,,,,200,,,,,,,,,,,,,,,,,,,,,,,,,,2,1,1,1,2,2,1,1,,,,1,,3,3,,,,,,,,,,,,,,,,,,4,1,2,2,,2,
310151114003001H02501,1,28.025.01h,2018,3,1,5,1,9,43,1,1,1,4,1,1,1,2,2,7,3,,,,,,,,,,,,,,,,,,,,,,,,,,,,,,,,,,,,,,1,1,1,2,2,1,1,,,,,1,1,0,,,,,,,,,,,,,,,,,,4,1,2,2,,2,
310151114003001H03901,1,28.039.01h,2018,3,1,1,1,4,180,1,1,1,4,1,1,1,2,2,7,3,1997,200,500,2015,120,,,,,,,,,,,,,,,,,,,,,,,,,,,,,,,,,1,1,1,3,3,1,1,,,,1,,2,,,,,,,,,,,,,,,,,,,4,1,2,2,,2,
310151114003001H00301,1,28.003.01h,2018,3,1,5,1,4,44,1,1,1,4,1,1,1,4,3,11,3,1985,40,200,2006,5.2,0,,,,,,,,,,,,,,,,,,,,,,,,,,,,,,,,1,1,,1,1,,,,,,,1,1,1,,,,,,,,,,,,,,,,,,4,1,2,2,,2,
310151114003001H07801,1,28.078.01h,2018,3,1,1,2,3,192,1,1,1,4,1,1,1,2,2,7,3,1986,50,300,1986,8,,,,,,,,,,,,,,,,,,,,,,,,,,,,,,,,2,1,1,1,1,,1,1,,,,,1,1,,,,,,,,,,,,,,,,,,,4,1,2,2,,2,
310151114003001H02901,1,28.029.01h,2018,3,1,5,1,4,57,1,1,1,4,1,1,1,2,2,7,3,1990,51,200,2012,32,,,,,,,,,,,,,,,,,,,,,,,,,,,,,,,,,1,1,,2,,1,1,,,,,,2,2,,,,,,,,,,,,,,,,,,4,1,2,2,,2,
310151114003001H04201,1,28.042.01h,2018,3,1,1,2,3,164,1,1,1,4,1,1,1,2,2,7,3,1993,160,500,1993,8,0,,,,,,,,,,,,,,,,,,,,,,,,,,,,,,,,1,1,1,1,,1,1,,,,,,1,,,,,,,,,,,,,,,,,,,4,1,2,2,,2,
310151114003001H00701,1,28.007.01h,2018,3,1,5,1,4,43,1,1,1,4,1,1,1,2,2,7,3,1987,40,200,2003,3,,,,,,,,,,,,,,,,,,,,,,,,,,,,,,1,,2,1,1,,3,3,2,1,,,,1,1,2,2,,,,,,,,,,,,,,,,,,4,1,2,2,,2,
310151114003001H03801,1,28.038.01h,2018,3,1,1,1,4,164,1,1,1,4,1,1,1,2,2,7,3,1997,164,500,1997,12.7,0,,,,,,,,,,,,,,,,,,,,,,,,,,,,,,,2,1,1,1,3,3,2,1,1,,,1,1,2,2,1,1,,,,,,,,,,,,,,,,4,1,2,2,,2,
310151115002001H01001,1,29.010.01h,2018,3,1,5,2,5,43,1,1,1,4,1,1,1,2,2,7,3,1984,43,300,1998,1.8,0,,,,,,,,,,,,,,,,,,,,,,,,,,,,,,,,1,1,1,1,1,1,1,1,,,1,1,,,,,,,,,,,,,,,10,,,,,4,1,2,2,,2,
310151115002001H00901,1,29.009.01h,2018,3,1,5,2,5,42,1,1,1,4,1,1,1,2,2,7,3,1984,42,300,1989,0.7,0,,,,,,,,,,,,,,,,,,,,,,,,,,,,,,,,1,1,1,1,1,,1,,,,1,1,,,,,,,,,,,,,,,10,,,,,4,1,2,2,,2,
310151115002001H00301,1,29.003.01h,2018,3,2,5,2,10,40,2,1,1,4,1,5,3,4,3,11,3,,,,,,,,,,,,,,,,,,,,,,,,,,,,,,,,,,,,,,,1,1,1,1,1,,,,,,1,1,,,,,,,,,,,,,,20,,,,,4,2,2,2,,2,
310151115002001H03901,1,29.039.01h,2018,3,1,5,1,4,62,1,1,1,4,1,1,1,2,2,7,3,2014,60,300,2015,22,0,,,,,,,,,,,,,,,,,,,,,,,,,,,,,,,1,1,1,,3,3,1,1,1,,,1,,2,1,,,,,,,,,1,,,,20,,,,,4,1,2,2,,2,
310151115002001H00501,1,29.005.01h,2018,3,2,5,2,10,36,1,1,1,4,1,1,1,2,3,11,3,,,,,,,,,,,,,,,,,,,,,,,,,,,,,,,,,,,,,2,1,1,1,1,1,1,1,,,,1,1,1,,,,,,,,,,,,,,10,,,,,4,2,2,2,,2,
310151115002001H03101,1,29.031.01h,2018,3,1,5,1,5,62,1,1,1,4,1,1,1,2,2,7,3,1994,62,300,1998,4.5,0,,,,,,,,,,,,,,,,,,,,,,,,,,,,,1,0,0,1,1,1,3,3,3,1,0,,0,1,0,2,1,1,1,,1,0,1,,0,0,,,,8,,,,,4,1,2,2,,2,
310151115002001H01501,1,29.015.01h,2018,3,1,5,2,5,42,1,1,1,4,1,1,1,2,2,7,7,1984,42,300,1990,0.42,0,,,,,,,,,,,,,,,,,,,,,,,,,,,,,,,1,1,1,1,1,1,2,1,1,,,1,,2,1,2,1,,1,,,,,1,,,,5,,,,,4,1,2,2,,2,
310151115002001H00801,1,29.008.01h,2018,3,1,5,2,5,43,1,1,1,4,1,1,1,2,2,7,3,1984,43,300,1998,0.87,0,,,,,,,,,,,,,,,,,,,,,,,,,,,,,,,,1,2,1,1,1,1,2,1,,,1,1,1,,,,,,,,,,,,,,5,,,,,4,1,2,2,,2,
310151115002001H00701,1,29.007.01h,2018,3,1,5,2,5,44,1,1,1,4,1,1,1,2,2,7,3,1984,44,300,1996,2.5,0,,,,,,,,,,,,,,,,,,,,,,,,,,,,,0,0,1,1,1,1,1,1,2,1,,,,0,0,2,2,,,,,,,,,,,,,10,,,,,4,1,2,2,,2,
310151115002001H03501,1,29.035.01h,2018,3,1,5,1,5,62,1,1,1,4,1,1,1,2,2,7,3,2014,62,300,2015,11.6,0,,,,,,,,,,,,,,,,,,,,,,,,,,,,,,,1,1,1,1,2,2,1,1,,,,1,,2,,,,,,,,,,,,,,10,,,,,4,1,2,2,,2,
310151116211001H03701,1,30.037.01h,2018,3,1,2,2,2,18,1,1,1,4,1,1,3,4,3,11,3,,,,,,,,,,,300,,,,,,,,,,,,,,,,,,,,,,,,,,1,1,1,1,,,,,,,,,,2,2,1,1,,,,,,,,,,,25,,,,,4,1,2,2,,2,
310151116211001H03401,1,30.034.01h,2018,3,1,2,2,2,18,1,1,1,4,1,1,3,4,3,11,3,,,,,,,,,,,330,,,,,,,,,,,,,,,,,,,,,,,,1,,1,1,1,1,,,1,,,,,,,2,2,1,1,,,,,,,,,,,30,,,,,4,1,2,2,,2,
310151116211001H07801,1,30.078.01h,2018,3,1,1,2,3,240,1,1,1,4,1,1,1,2,3,11,7,1987,30,3000,1987,30,0,,,,,,,,,,,,,,,,,,,,,,,,,,,,,,,1,1,1,1,1,1,2,1,,,,,1,1,1,,,,,,,,,,,,,5,,,,,4,1,2,2,,2,
310151116211001H06201,1,30.062.01h,2018,3,1,2,2,2,25,1,1,1,4,1,1,3,2,3,11,3,,,,,,,,,,,400,,,,,,,,,,,,,,,,,,,,,,,,1,,2,2,3,1,1,1,1,1,1,,,,1,2,2,,,,,,,,,,,,,25,,,,,4,1,2,2,,2,
310151116211001H00801,1,30.008.01h,2018,3,1,2,2,2,30,1,1,1,4,1,1,1,2,2,7,3,,,,,,,,,,,500,,,,,,,,,,,,,,,,,,,,,,,,,,1,,,,1,1,1,1,,,,,,2,,,,,,,,,,,,,,20,,,,,4,1,2,2,,2,
310151116211001H03101,1,30.031.01h,2018,3,1,2,2,2,15,1,1,1,4,1,1,3,4,3,11,3,,,,,,,,,,,240,,,,,,,,,,,,,,,,,,,,,,,,,,1,,1,,1,1,,,,,,,,1,1,,,,,,,,,,,,,10,,,,,4,1,2,2,,2,
310151116211001H07001,1,30.070.01h,2018,3,1,2,2,2,16,1,1,1,4,1,1,3,4,3,11,3,,,,,,,,,,,250,,,,,,,,,,,,,,,,,,,,,,,,,,,,1,1,,,,,,,,,,1,1,,,,,,,,,,,,,,,,,,4,1,2,2,,2,
310151116211001H00601,1,30.006.01h,2018,3,1,1,2,3,156,1,1,1,4,1,1,1,2,3,11,3,1991,20,1000,1991,3,0,,,,,,132,6,1800,,,,,,,,,,,,,,,,,,,,,,,2,1,1,1,2,2,2,1,,,,1,,3,3,1,1,,,,,,,,,,,25,,,,,4,1,2,2,,2,
310151116211001H03001,1,30.030.01h,2018,3,1,2,2,2,16,1,1,1,4,1,1,3,4,3,11,3,,,,,,,,,,,400,,,,,,,,,,,,,,,,,,,,,,,,,,1,1,1,,1,1,1,,,,,,,2,2,,,,,,,,,,,,,20,,,,,4,1,2,2,,2,
310151116211001H05201,1,30.052.01h,2018,3,1,2,2,2,18,1,1,1,4,1,1,3,4,3,11,3,,,,,,,,,,,230,,,,,,,,,,,,,,,,,,,,,,,,,,1,,,,1,1,,,,,,,,1,1,,,,,,,,,,,,,10,,,,,4,1,2,2,,2,
310151116217001H00101,1,31.001.01h,2018,3,1,1,2,3,180,1,1,1,4,1,1,1,2,2,7,3,1996,4.8,400,1996,9,0,,,,,,,,,,,,,,,,,,,,,,,,,,,,,1,,2,1,1,1,2,2,1,1,,,,1,,2,2,,,,,,,,,,,,,,,,,,4,1,2,2,,2,
310151116217001H06201,1,31.062.01h,2018,3,1,1,2,3,200,1,1,1,4,1,1,1,2,2,7,3,1989,4.6,500,1989,5,0,,,,,,,,,,,,,,,,,,,,,,,,,,,,,,,2,,1,,1,1,1,1,,,,,,2,2,,,,,,,,,,,,,5,,,,,4,1,2,2,,2,
310151116217001H02001,1,31.020.01h,2018,3,1,1,2,3,200,1,1,1,4,1,1,1,2,2,7,3,2008,7,500,2008,45,0,,,,,,90,1,1300,,,,,,,,,,,,,,,,,,,,,,,3,1,1,1,3,3,2,3,0,,,1,,2,2,1,1,,,,,,,,,,,,,,,,4,1,2,2,,2,
310151116217001H04801,1,31.048.01h,2018,3,1,1,2,2,13,1,1,1,4,1,1,3,4,3,11,11,,,,,,,,,,,130,,,,,,,,,,,500,70,3,0,,1,,,,,,,7,1,,2,,,,,,,,,,,,1,1,1,1,1,,,,,,,,,,,,,,,,4,1,2,2,,2,
310151116217001H02101,1,31.021.01h,2018,3,1,1,2,3,272,1,1,1,4,1,1,1,4,3,11,1,1980,7.2,500,1980,1.5,0,,,,,,,,,,,,,,,,,,,,,,,,,,,,,,,,,,,1,1,,,,,,,1,,,,,,,,,,,,,,,,,,,,4,1,2,2,,2,
310151116217001H03801,1,31.038.01h,2018,3,1,2,2,2,18,1,1,1,4,3,1,3,4,2,7,3,,,,,,,,,,,150,,,,,,,,,,,,,,,,,,,,,,,,,,2,1,1,,,,1,,,,,,,3,3,1,1,,,,,,,,,,,,,,,,4,1,2,2,,2,
310151116217001H04301,1,31.043.01h,2018,3,1,1,2,2,30,1,1,1,4,3,1,3,4,2,7,3,,,,,,,,,,,400,,,,,,,,,,,,,,,,,,,,,,,,1,,2,1,1,,1,1,1,,,,,,,2,2,,,,,,,,,,,,,,,,,,4,1,2,2,,2,
310151116217001H05801,1,31.058.01h,2018,3,1,1,2,3,60,1,1,1,4,1,1,1,2,2,7,3,1989,1.9,500,1989,1,0,,,,,,,,,,,,,,,,80,200,50,50,24,10,,,,,,,10,1,,,1,1,1,1,1,1,1,,,,1,,2,2,,,,,,,,,,,,,,,,,,4,1,2,2,,2,
310151116217001H06401,1,31.064.01h,2018,3,1,1,2,3,180,1,1,1,4,1,1,1,2,2,7,3,1986,4.8,400,1986,3,0,,,,,,,,,,,,,,,,,,,,,,,,,,,,,,,2,1,1,1,1,1,1,1,,,,1,1,1,,,,,,,,,,,,,,,,,,,4,1,2,2,,2,
310151116217001H06901,1,31.069.01h,2018,3,1,1,2,3,140,1,1,1,4,1,1,1,2,3,7,3,2007,3.7,500,2007,8,0,,,,,,,,,,,,,,,,,,,,,,,,,,,,,1,2,2,1,1,1,2,2,1,1,,,,1,,3,3,1,1,,,,,,,,,,,,,,,,4,1,2,2,,2,
310151116217001H05601,1,31.056.01h,2018,3,1,1,2,3,156,1,1,1,4,1,1,1,2,2,7,3,1985,4.5,500,1985,1,0,,,,,,,,,,,,,,,,,,,,,,,,,,,,,,,,1,1,1,1,1,1,1,1,,,1,1,,,1,1,,,,,,,,,,,,,,,,4,1,2,2,,2,
310151116220002H04301,1,32.043.01h,2018,3,1,2,2,2,20,1,1,1,4,1,1,1,4,2,7,7,,,,,,,,,,,300,,,,,,,,,,,,,,,,,,,,,,,,,,2,,1,,,,,0,,,,2,,1,1,,,,,,,,,,,,,,,,,,4,1,2,2,,2,
310151116220002H00101,1,32.001.01h,2018,3,1,1,3,3,192,1,1,1,4,1,1,1,2,3,3,3,1990,15.36,3000,1990,5,0,,,,,,75,2.1,1000,,,,,,,,,,,,,,,,,,,,,,,1,1,1,1,2,2,2,1,,,,1,1,2,1,,,,,,,,,,,,,15,,,,,4,1,2,2,,2,
310151116220002H02201,1,32.022.01h,2018,3,1,1,2,3,180,1,1,1,4,1,1,1,2,2,7,3,1991,16,4000,1991,4,0,,,,,,200,14,4000,,,,,,,,,,,,,,,,,,,,,,,1,1,1,1,2,2,1,1,,,,1,,2,2,1,1,,,,,,,,,,,,,,,,4,1,2,2,,2,
310151116220002H03801,1,32.038.01h,2018,3,1,1,2,3,128,1,1,1,4,1,1,1,2,3,11,3,1992,10.24,3000,1992,3,0,,,,,,,,,,,,,,,,,,,,,,,,,,,,,1,,,1,2,,2,,2,1,,,,1,1,2,2,2,2,,,,,,,,,,,25,,,,,4,1,2,2,,2,
310151116220002H05001,1,32.050.01h,2018,3,1,1,3,3,180,1,1,1,4,1,1,1,2,3,11,3,1995,9.6,2000,1995,4,0,,,,,,10,0.5,500,,,,,,,,,,,,,,,,,,,,,1,,1,1,1,,2,2,2,1,,,,,,1,1,1,1,,,,,,,,,,,15,,,,,4,1,2,2,,2,
310151116220002H04101,1,32.041.01h,2018,3,1,1,3,3,120,1,1,1,4,1,1,1,2,2,7,3,1990,11,3000,1990,10,0,,,,,,45,2,700,,,,,,,,,,,,,,,,,,,,,,,2,1,1,1,2,2,1,1,,,,1,1,3,3,1,1,,,,,,,,,,,,,,,,4,1,2,2,,2,
310151116220002H01601,1,32.016.01h,2018,3,1,2,3,2,30,1,1,1,4,1,1,1,4,2,7,7,,,,,,,,,,,300,,,,,,,,,,,,,,,,,,,,,,,,,,2,,1,,,,1,,,,,,,2,2,,,,,,,,,,,,,,,,,,4,1,2,2,,2,
310151116220002H07501,1,32.075.01h,2018,3,1,2,3,3,180,1,1,1,4,1,1,1,2,3,11,3,1996,14.4,2500,1996,5,0,,,,,,,,,,,,,,,,,,,,,,,,,,,,,,,,1,1,,2,2,1,1,,,,1,1,2,1,,,,,,,,,,,,,25,,,,,4,1,2,2,,2,
310151116220002H01301,1,32.013.01h,2018,3,1,1,3,3,220,1,1,1,4,1,1,1,2,2,7,3,1986,13,2000,1986,3,,,,,,,200,20,2000,,,,,,,,,,,,,,,,,,,,,,,1,1,1,1,2,2,4,1,,,,,1,3,3,2,2,,,,,,1,1,,,,,,,,,4,1,2,2,,2,
310151116220002H00701,1,32.007.01h,2018,3,1,2,3,2,19,1,1,1,4,1,1,1,2,2,7,7,,,,,,,,,,,250,,,,,,,,,,,,,,,,,,,,,,,,,,1,,1,,1,1,1,1,,,,,,2,2,,,,,,,,,,,,,,,,,,4,1,2,2,,2,
310151116220002H02501,1,32.025.01h,2018,3,1,1,3,3,180,1,1,1,4,1,1,1,2,2,7,7,1990,14.4,2500,1990,4,0,,,,,,100,3,800,,,,,,,,,,,,,,,,,,,,,,,1,1,1,,1,1,1,1,,,,,1,2,1,,,,,,,,,,,,,,,,,,4,1,2,2,,2,
310151116220002H00601,1,32.006.01h,2018,3,1,2,3,2,20,1,1,1,4,1,1,1,4,2,7,7,,,,,,,,,,,250,,,,,,,,,,,,,,,,,,,,,,,,,,1,1,1,,1,,1,,,,,,,2,,1,1,,,,,,,,,,,,,,,,4,1,2,2,,2,
310151201202001H01701,1,33.017.01h,2018,3,1,1,2,3,40,1,1,1,4,1,1,1,2,2,7,3,1993,13.5,400,1993,10,0,,,,,,,,,,,,,,,,,,,,,,,,,,,,,,,,,1,1,1,1,1,1,,,,1,0,1,0,0,0,,0,0,0,,0,0,0,0,0,0,0,0,0,0,4,2,2,2,,2,
310151201202001H02101,1,33.021.01h,2018,3,1,1,2,3,180,1,1,1,4,1,1,1,2,2,7,3,2014,45,500,2014,50,0,,,,,,,,,,,,,,,,,,,,,,180,50,0,12,38,,,,,1,1,1,1,3,3,1,1,,,,1,,1,,,,,,,,,,,,,,,,,,,4,1,2,2,,2,
310151201202001H02401,1,33.024.01h,2018,3,1,1,2,3,180,1,1,1,4,1,1,1,2,3,11,3,2010,28.4,500,2010,35,0,,,,,,,,,,,,,,,,,,,,,,180,35,0,10,25,,,,,2,1,1,1,3,3,,1,,,,1,,3,1,,,,,,,,,,,,,,,,,,4,1,2,2,,2,
310151201202001H03601,1,33.036.01h,2018,3,1,1,2,3,90,1,1,1,4,1,1,1,2,2,7,4,1996,10,500,1996,8,0,,,,,,,,,,,,,,,,,,,,,,,,,,,,,,,2,1,1,1,3,3,3,1,0,,,,1,2,1,1,1,,,,,,,,,,,,,,,,4,2,2,2,,2,
310151201202001H05401,1,33.054.01h,2018,3,1,2,3,3,80,1,1,1,4,1,1,1,4,3,11,1,1989,0.9,200,1989,0.15,0,,,,,,,,,,,,,,,,,,,,,,,,,,,,,,,,,1,1,,,,,,,,,,,,,,,,,,,,,,,,,,,,,4,1,2,2,,2,
310151201202001H05601,1,33.056.01h,2018,3,1,1,2,3,160,1,1,1,4,1,1,1,2,2,7,3,1993,29.8,500,1993,14,0,,,,,,,,,,,,,,,,,,,,,,,,,,,,,,,2,,1,1,3,3,2,1,,,,,1,2,,,,,,,,,,,,,,,,,,,4,1,2,2,,2,
310151201202001H01501,1,33.015.01h,2018,3,1,1,2,3,255,1,1,1,4,1,1,1,2,2,7,3,1992,18.6,800,1992,12,0,,,,,,,,,,,,,,,,,,,,,,,,,,,,,,,1,1,1,1,1,1,1,1,,,,,1,2,0,,,,,,,,,,,,,,,,,,4,1,2,2,,2,
310151201202001H05801,1,33.058.01h,2018,3,1,1,2,3,180,1,1,1,4,1,1,1,2,2,7,3,2013,33.8,500,2013,33,0,,,,,,,,,,,,,,,,,,,,,,180,33,0,0,33,,,,,2,1,1,1,3,3,2,1,,,,1,1,2,2,,,,,,,,,,,,,,,,,,4,1,2,2,,2,
310151201202001H07101,1,33.071.01h,2018,3,1,2,2,3,57,1,1,1,4,1,1,1,2,2,7,3,1976,1,350,1976,0.45,0,,,,,,,,,,,,,,,,,,,,,,,,,,,,,,,2,1,1,1,2,2,1,1,1,,,,1,2,2,,,,,,,,,,,,,,,,,,4,1,2,2,,2,
310151201202001H06401,1,33.064.01h,2018,3,1,1,2,3,180,1,1,1,4,1,1,1,2,2,7,3,2012,36.8,500,2012,32,0,,,,,,,,,,,,,,,,,,,,,,,,,,,,,,,1,1,,1,1,1,1,1,1,,,1,1,2,1,,,,,,,,,,,,,,,,,,4,1,2,2,,2,
310151201202001H01801,1,33.018.01h,2018,3,1,1,2,3,90,1,1,1,4,1,1,1,2,2,7,3,1998,19.8,450,1998,7,0,,,,,,,,,,,,,,,,,,,,,,,,,,,,,1,1,1,1,1,1,1,1,1,1,1,,,,1,1,,,,,,,,,,,,,,,,,,,4,1,2,2,,2,
310151202213001H07301,1,34.073.01h,2018,3,1,2,1,3,96,1,1,1,4,1,1,1,2,2,7,3,2005,5,200,2005,5,0,,,,,,,,,,,,,,,,,,,,,,,,,,,,,,,1,1,1,1,1,1,1,1,1,,,,1,1,1,,,,,,,,,,,,,,,,,,4,1,2,2,,2,
310151202213001H07701,1,34.077.01h,2018,3,1,1,1,3,150,1,1,1,4,1,1,1,2,2,7,3,1987,8,200,1987,2,0,,,,,,,,,,,,,,,,,,,,,,,,,,,,,,,1,1,1,,1,1,1,1,1,,,,1,2,1,1,1,,,,,,,,,,,,,,,,4,1,2,2,,2,
310151202213001H00401,1,34.004.01h,2018,3,1,1,2,3,100,1,1,1,4,1,1,1,2,2,3,3,2015,80,2000,2015,50,0,,,,,,,,,,,,,,,,,,,,,,,,,,,,,,1,,1,1,1,2,2,2,2,1,,,1,,2,2,,,,,,,,,,,,,,,,,,4,1,2,2,,2,
310151202213001H04201,1,34.042.01h,2018,3,1,2,1,3,90,1,1,1,4,1,1,1,2,2,7,3,2005,12,500,2005,17,0,,,,,,86,10,500,,,,,,,,,,,,,,,,,,,,,,,1,1,1,1,2,2,2,2,1,,,,1,2,1,1,1,,,,,,,,,,,,,,,,4,1,2,2,,2,
310151202213001H03901,1,34.039.01h,2018,3,1,1,1,3,300,1,1,1,4,3,1,1,2,2,7,3,2014,150,500,2014,50,0,,,,,,,,,,,,,,,,,,,,,,,,,,,,,,,1,1,1,1,2,2,2,2,1,,,,1,1,1,1,1,,,,,,,,,,,,,,,,4,1,2,2,,2,
310151202213001H06301,1,34.063.01h,2018,3,1,1,1,3,300,1,1,1,4,1,1,1,2,2,7,3,1999,15,300,1999,50,0,,,,,,,,,,,,,,,,,,,,,,,,,,,,,1,1,1,1,1,1,3,3,3,1,,,,1,1,2,2,1,1,,,,,,,,,,,,,,,,4,1,2,2,,2,
310151202213001H01201,1,34.012.01h,2018,3,1,5,1,1,61,1,1,1,4,3,1,1,2,2,7,3,,,,,,,,,,,600,,,,,,,,,61,48,,,,,,,,,,,,,,,1,2,1,1,1,1,1,2,1,,,,1,,3,2,1,1,,,,,,,,,,,,,,,,4,1,2,2,,2,
310151202213001H02301,1,34.023.01h,2018,3,1,1,1,3,160,1,1,1,4,1,1,1,2,2,7,3,1972,10,500,1972,3,0,,,,,,,,,,,,,,,,,,,,,,,,,,,,,,,1,1,1,1,1,1,1,1,1,,,,1,1,1,,,,,,,,,,,,,,,,,,4,1,2,2,,2,
310151202213001H02701,1,34.027.01h,2018,3,1,1,1,3,220,1,1,1,4,1,1,1,2,2,7,3,1991,10,200,1991,15,0,,,,,,,,,,,,,,,,,,,,,,,,,,,,,,,1,1,1,1,2,2,2,2,1,,,,1,2,2,1,1,,,,,,,,,,,,,,,,4,1,2,2,,2,
310151202213001H03701,1,34.037.01h,2018,3,1,1,1,3,180,1,1,1,4,1,1,1,2,2,7,3,1984,5,200,1984,12,0,,,,,,,,,,,,,,,,,,,,,,,,,,,,,,,1,1,1,1,2,2,2,2,1,,,,1,2,0,1,1,,,,,,,,,,,,,,,,4,1,2,2,,2,
310151202213001H05801,1,34.058.01h,2018,3,1,1,1,3,200,1,1,1,4,1,1,1,2,2,7,3,1995,10,200,1995,15,0,,,,,,,,,,,,,,,,,,,,,,,,,,,,,,,2,1,1,1,3,3,2,1,,,,1,1,3,2,1,1,,,,,,,,,,,,,,,,4,1,2,2,,2,
310151202216001H02001,1,35.020.01h,2018,3,1,1,1,3,240,1,1,1,4,1,1,1,2,2,7,3,2015,55,500,2015,60,0,,,,,,,,,,,,,,,,,,,,,,,,,,,,,,,,,,,,,,,,,,,,,,,,,,,,,,,,,,,,,,,4,1,2,2,,2,
310151202216001H03701,1,35.037.01h,2018,3,1,1,2,3,90,1,1,1,4,1,1,1,2,3,11,3,1996,20,1000,1996,15,0,,,,,,,,,,,,,,,,,,,,,,,,,,,,,,1,1,1,1,1,1,,1,1,,,,,1,2,,,,,,,,,,,,,,,,,,,4,1,2,2,,2,
310151202216001H00901,1,35.009.01h,2018,3,1,2,2,3,40,1,1,1,4,1,1,1,2,2,7,3,2013,8,200,2013,3,0,,,,,,,,,,,,,,,,,,,,,,,,,,,,,,,1,1,1,1,1,,,1,1,,,,1,,,,,,,,,,,,,,,,,,,,4,1,2,2,,2,
310151202216001H03601,1,35.036.01h,2018,3,1,1,1,3,200,1,1,1,4,1,1,1,2,2,7,3,1988,30,200,1988,3,0,,,,,,,,,,,,,,,,,,,,,,,,,,,,,,1,1,1,1,1,3,1,2,1,,,,1,1,2,,1,1,,,,,,,,,,,,,,,,4,1,2,2,,2,
310151202216001H03101,1,35.031.01h,2018,3,1,1,1,3,300,1,1,1,4,1,1,1,2,2,7,3,2014,50,500,2014,50,0,,,,,,,,,,,,,,,,,,,,,,,,,,,,,,,1,1,1,1,2,2,1,1,,,,,1,1,1,,,,,,,,,,,,,,,,,,4,1,2,2,,2,
310151202216001H01801,1,35.018.01h,2018,3,1,1,1,3,200,1,1,1,4,1,1,1,2,2,7,3,2013,60,500,2013,70,0,,,,,,,,,,,,,,,,,,,,,,,,,,,,,1,,1,1,1,1,1,1,3,1,,,,1,1,1,,1,1,,1,,,,,,,,,,,,,,4,1,2,2,,2,
310151202216001H01401,1,35.014.01h,2018,3,1,2,1,3,180,1,1,1,4,1,1,1,2,2,7,3,2013,40,500,2013,50,0,,,,,,,,,,,,,,,,,,,,,,,,,,,,,,,1,1,1,1,2,2,1,1,1,,,,1,2,1,1,1,,,,,,,,,,,,,,,,4,1,2,2,,2,
310151202216001H06601,1,35.066.01h,2018,3,1,2,1,3,180,1,1,1,4,1,1,1,2,2,7,3,1987,5,250,1987,10,0,,,,,,,,,,,,,,,,,,,,,,,,,,,,,,1,1,1,1,1,2,1,1,1,,,,1,1,2,2,1,1,,,,,,,,,,,,,,,,4,1,2,2,,2,
310151202216001H05801,1,35.058.01h,2018,3,1,1,1,3,160,1,1,1,4,1,1,1,2,2,7,3,1994,10,200,1994,15,0,,,,,,,,,,,,,,,,,,,,,,,,,,,,,,,1,1,1,1,1,1,1,1,1,,,,1,1,1,1,1,,,,,,,,,,,,,,,,4,1,2,2,,2,
310151202216001H02101,1,35.021.01h,2018,3,1,1,1,3,270,1,1,1,4,1,1,1,2,2,7,3,1994,10,200,1994,10,0,,,,,,,,,,,,,,,,,,,,,,,,,,,,,,,1,1,1,1,2,1,1,1,1,,,,1,1,,,,,,,,,,,,,,,,,,,4,1,2,2,,2,
310151202216001H02301,1,35.023.01h,2018,3,1,1,1,3,180,1,1,1,4,1,1,1,2,2,7,3,1988,5,200,1988,10,0,,,,,,,,,,,,,,,,,,,,,,,,,,,,,,1,1,1,1,1,1,1,1,1,,,,1,1,1,1,,,,,,,,,,,,,,,,,,4,1,2,2,,2,
